ID,Reason for absence,Month of absence,Day of the week,Seasons,Transportation expense,Distance from Residence to Work,Service time,Age,Birth date,Hire date,Work load Average/day ,Hit target,Disciplinary failure,Education,Children,Drinker,Smoker,Pet,Weight,Height,Body mass index,Absenteeism time in hours,HI1_WorkSatisfaction,HI2_LikesManager,HI3_EnjoysColleagues,HI4_WantstoStay,,,,
4,0,0,3,1,118,14,13,40,3/30/1978,3/25/1998,"271,219",95,0,1,1,1,0,8,98,170,34,0,2,5,2,2,,,,
8,0,0,4,2,231,35,14,39,3/30/1979,3/25/1999,"271,219",95,0,1,2,1,0,2,100,170,35,0,3,2,2,5,,,,
35,0,0,6,3,179,45,14,53,4/2/1965,3/28/1985,"271,219",95,0,1,1,0,0,1,77,175,25,0,2,4,3,1,,,,
27,23,1,5,2,184,42,7,27,3/27/1991,3/22/2011,"308,593",95,0,1,0,0,0,0,58,167,21,2,1,4,3,2,,,,
27,23,1,5,2,184,42,7,27,3/27/1991,3/22/2011,"308,593",95,0,1,0,0,0,0,58,167,21,2,2,5,3,1,,,,
28,23,1,4,2,225,26,9,28,3/27/1990,3/22/2010,"308,593",95,0,1,1,0,0,2,69,169,24,1,2,4,3,1,,,,
28,27,1,4,2,225,26,9,28,3/27/1990,3/22/2010,"308,593",95,0,1,1,0,0,2,69,169,24,2,1,3,2,2,,,,
28,28,1,5,2,225,26,9,28,3/27/1990,3/22/2010,"308,593",95,0,1,1,0,0,2,69,169,24,2,1,4,2,1,,,,
28,27,1,6,2,225,26,9,28,3/27/1990,3/22/2010,"308,593",95,0,1,1,0,0,2,69,169,24,1,1,5,2,2,,,,
28,27,1,3,2,225,26,9,28,3/27/1990,3/22/2010,"308,593",95,0,1,1,0,0,2,69,169,24,2,1,4,2,1,,,,
28,23,1,3,2,225,26,9,28,3/27/1990,3/22/2010,"308,593",95,0,1,1,0,0,2,69,169,24,1,2,4,2,2,,,,
28,23,1,4,2,225,26,9,28,3/27/1990,3/22/2010,"330,061",100,0,1,1,0,0,2,69,169,24,5,1,4,2,2,,,,
32,10,1,5,2,289,48,29,49,4/1/1969,3/27/1989,"313,532",96,0,1,0,0,0,2,108,172,36,8,2,4,3,2,,,,
34,19,1,2,2,118,10,10,37,3/29/1981,3/24/2001,"308,593",95,0,1,0,0,0,0,83,172,28,1,1,5,3,2,,,,
34,27,1,3,2,118,10,10,37,3/29/1981,3/24/2001,"308,593",95,0,1,0,0,0,0,83,172,28,1,1,3,2,1,,,,
34,27,1,2,2,118,10,10,37,3/29/1981,3/24/2001,"308,593",95,0,1,0,0,0,0,83,172,28,2,1,4,3,2,,,,
34,27,1,3,2,118,10,10,37,3/29/1981,3/24/2001,"308,593",95,0,1,0,0,0,0,83,172,28,2,2,5,3,1,,,,
34,27,1,4,2,118,10,10,37,3/29/1981,3/24/2001,"308,593",95,0,1,0,0,0,0,83,172,28,2,1,5,3,1,,,,
34,27,1,5,2,118,10,10,37,3/29/1981,3/24/2001,"308,593",95,0,1,0,0,0,0,83,172,28,2,2,3,3,2,,,,
34,27,1,6,2,118,10,10,37,3/29/1981,3/24/2001,"308,593",95,0,1,0,0,0,0,83,172,28,2,1,5,2,1,,,,
34,27,1,2,2,118,10,10,37,3/29/1981,3/24/2001,"308,593",95,0,1,0,0,0,0,83,172,28,2,2,4,3,2,,,,
34,27,1,3,2,118,10,10,37,3/29/1981,3/24/2001,"308,593",95,0,1,0,0,0,0,83,172,28,2,2,3,2,1,,,,
34,27,1,4,2,118,10,10,37,3/29/1981,3/24/2001,"308,593",95,0,1,0,0,0,0,83,172,28,2,2,4,2,2,,,,
34,27,1,5,2,118,10,10,37,3/29/1981,3/24/2001,"308,593",95,0,1,0,0,0,0,83,172,28,2,1,4,2,2,,,,
34,27,1,2,2,118,10,10,37,3/29/1981,3/24/2001,"308,593",95,0,1,0,0,0,0,83,172,28,0,2,4,2,1,,,,
34,19,1,2,2,118,10,10,37,3/29/1981,3/24/2001,"330,061",100,0,1,0,0,0,0,83,172,28,32,1,4,2,1,,,,
36,26,1,2,2,118,13,18,50,4/1/1968,3/27/1988,"330,061",100,0,1,1,1,0,0,98,178,31,4,1,5,2,1,,,,
3,27,2,5,2,179,51,18,38,3/29/1980,3/24/2000,"264,249",97,0,1,0,1,0,0,89,170,31,2,1,5,3,1,,,,
6,23,2,5,2,189,29,13,33,3/28/1985,3/23/2005,"302,585",99,0,1,2,0,0,2,69,167,25,8,3,3,3,4,,,,
6,19,2,5,2,189,29,13,33,3/28/1985,3/23/2005,"302,585",99,0,1,2,0,0,2,69,167,25,8,3,2,3,3,,,,
6,22,2,2,2,189,29,13,33,3/28/1985,3/23/2005,"251,818",96,0,1,2,0,0,2,69,167,25,8,3,4,2,5,,,,
11,22,2,6,2,289,36,13,33,3/28/1985,3/23/2005,"302,585",99,0,1,2,1,0,1,90,172,30,8,4,4,3,3,,,,
11,22,2,6,2,289,36,13,33,3/28/1985,3/23/2005,"251,818",96,0,1,2,1,0,1,90,172,30,3,4,5,3,5,,,,
12,19,2,2,2,233,51,1,31,3/28/1987,3/23/2007,"264,249",97,0,2,1,1,0,8,68,178,21,2,2,5,3,2,,,,
12,12,2,4,2,233,51,1,31,3/28/1987,3/23/2007,"264,249",97,0,2,1,1,0,8,68,178,21,3,1,4,3,1,,,,
14,28,2,5,2,155,12,14,34,3/28/1984,3/23/2004,"302,585",99,0,1,2,1,0,0,95,196,25,2,2,3,2,2,,,,
14,25,2,2,2,155,12,14,34,3/28/1984,3/23/2004,"264,249",97,0,1,2,1,0,0,95,196,25,5,2,4,5,4,,,,
15,23,2,3,2,291,31,12,40,3/30/1978,3/25/1998,"251,818",96,0,1,1,1,0,1,73,171,25,2,2,5,2,2,,,,
17,23,2,6,2,179,22,17,40,3/30/1978,3/25/1998,"264,249",97,0,2,2,0,1,0,63,170,22,2,3,5,3,3,,,,
18,18,2,2,2,330,16,4,28,3/27/1990,3/22/2010,"302,585",99,0,2,0,0,0,0,84,182,25,8,1,4,2,1,,,,
18,23,2,3,2,330,16,4,28,3/27/1990,3/22/2010,"302,585",99,0,2,0,0,0,0,84,182,25,1,2,4,3,1,,,,
20,28,2,6,2,260,50,11,36,3/29/1982,3/24/2002,"302,585",99,0,1,4,1,0,0,65,168,23,2,4,2,3,4,,,,
20,28,2,6,2,260,50,11,36,3/29/1982,3/24/2002,"251,818",96,0,1,4,1,0,0,65,168,23,3,4,2,4,4,,,,
22,23,2,3,2,179,26,9,30,3/27/1988,3/22/2008,"302,585",99,0,3,0,0,0,0,56,171,19,1,2,4,2,1,,,,
22,27,2,5,2,179,26,9,30,3/27/1988,3/22/2008,"264,249",97,0,3,0,0,0,0,56,171,19,2,2,3,2,1,,,,
22,13,2,5,2,179,26,9,30,3/27/1988,3/22/2008,"264,249",97,0,3,0,0,0,0,56,171,19,2,2,4,2,1,,,,
22,27,2,4,2,179,26,9,30,3/27/1988,3/22/2008,"264,249",97,0,3,0,0,0,0,56,171,19,2,1,3,3,2,,,,
24,1,2,4,2,246,25,16,41,3/30/1977,3/25/1997,"302,585",99,0,1,0,1,0,0,67,170,23,8,2,3,2,2,,,,
24,26,2,5,2,246,25,16,41,3/30/1977,3/25/1997,"251,818",96,0,1,0,1,0,0,67,170,23,8,2,3,3,2,,,,
24,23,2,3,2,246,25,16,41,3/30/1977,3/25/1997,"251,818",96,0,1,0,1,0,0,67,170,23,2,2,5,2,1,,,,
24,10,2,6,2,246,25,16,41,3/30/1977,3/25/1997,"251,818",96,0,1,0,1,0,0,67,170,23,24,2,3,3,1,,,,
25,25,2,2,2,235,16,8,32,3/28/1986,3/23/2006,"264,249",97,0,3,0,0,0,0,75,178,25,3,1,3,3,2,,,,
25,25,2,6,2,235,16,8,32,3/28/1986,3/23/2006,"264,249",97,0,3,0,0,0,0,75,178,25,2,1,4,2,2,,,,
27,23,2,6,2,184,42,7,27,3/27/1991,3/22/2011,"602,585",99,0,1,0,0,0,0,58,167,21,1,1,4,2,2,,,,
27,23,2,3,2,184,42,7,27,3/27/1991,3/22/2011,"302,585",99,0,1,0,0,0,0,58,167,21,8,2,4,2,1,,,,
28,28,2,2,2,225,26,9,28,3/27/1990,3/22/2010,"302,585",99,0,1,1,0,0,2,69,169,24,2,2,3,2,2,,,,
28,23,2,3,2,225,26,9,28,3/27/1990,3/22/2010,"302,585",99,0,1,1,0,0,2,69,169,24,2,1,3,3,2,,,,
28,25,2,5,2,225,26,9,28,3/27/1990,3/22/2010,"302,585",99,0,1,1,0,0,2,69,169,24,3,2,3,2,2,,,,
28,23,2,4,2,225,26,9,28,3/27/1990,3/22/2010,"302,585",99,0,1,1,0,0,2,69,169,24,1,2,4,3,2,,,,
28,7,2,4,2,225,26,9,28,3/27/1990,3/22/2010,"251,818",96,0,1,1,0,0,2,69,169,24,1,2,5,2,1,,,,
28,23,2,3,2,225,26,9,28,3/27/1990,3/22/2010,"264,249",97,0,1,1,0,0,2,69,169,24,3,1,5,2,2,,,,
28,28,2,5,2,225,26,9,28,3/27/1990,3/22/2010,"264,249",97,0,1,1,0,0,2,69,169,24,3,2,5,2,2,,,,
28,7,2,3,2,225,26,9,28,3/27/1990,3/22/2010,"264,249",97,0,1,1,0,0,2,69,169,24,8,2,5,3,2,,,,
28,25,2,5,2,225,26,9,28,3/27/1990,3/22/2010,"264,249",97,0,1,1,0,0,2,69,169,24,3,1,4,2,1,,,,
28,7,2,2,2,225,26,9,28,3/27/1990,3/22/2010,"264,249",97,0,1,1,0,0,2,69,169,24,2,1,4,3,2,,,,
28,25,2,3,2,225,26,9,28,3/27/1990,3/22/2010,"264,249",97,0,1,1,0,0,2,69,169,24,2,1,4,3,2,,,,
29,28,2,6,2,225,15,15,41,3/30/1977,3/25/1997,"264,249",97,0,4,2,1,0,2,94,182,28,2,4,5,2,4,,,,
30,11,2,4,2,157,27,6,29,3/27/1989,3/22/2009,"251,818",96,0,1,0,1,1,0,75,185,22,16,2,3,3,1,,,,
31,11,2,2,2,388,15,9,50,4/1/1968,3/27/1988,"302,585",99,0,1,0,0,0,0,76,178,24,8,1,3,3,1,,,,
31,1,2,3,2,388,15,9,50,4/1/1968,3/27/1988,"302,585",99,0,1,0,0,0,0,76,178,24,8,2,3,2,2,,,,
33,1,2,4,2,248,25,14,47,4/1/1971,3/27/1991,"264,249",97,0,1,2,0,0,1,86,165,32,8,3,3,5,2,,,,
33,23,2,3,2,248,25,14,47,4/1/1971,3/27/1991,"264,249",97,0,1,2,0,0,1,86,165,32,2,4,4,4,4,,,,
34,28,2,3,2,118,10,10,37,3/29/1981,3/24/2001,"251,818",96,0,1,0,0,0,0,83,172,28,2,2,4,2,2,,,,
13,22,3,4,3,369,17,12,31,3/28/1987,3/23/2007,"222,196",99,0,1,3,1,0,0,70,169,25,8,4,1,3,4,,,,
14,13,3,3,2,155,12,14,34,3/28/1984,3/23/2004,"343,253",95,0,1,2,1,0,0,95,196,25,8,4,1,5,3,,,,
14,13,3,4,2,155,12,14,34,3/28/1984,3/23/2004,"222,196",99,0,1,2,1,0,0,95,196,25,24,1,1,3,3,,,,
16,23,3,4,2,118,15,24,46,3/31/1972,3/26/1992,"222,196",99,0,1,2,1,1,0,75,175,25,8,3,2,1,4,,,,
17,8,3,5,2,179,22,17,40,3/30/1978,3/25/1998,"343,253",95,0,2,2,0,1,0,63,170,22,8,4,2,3,5,,,,
17,22,3,3,2,179,22,17,40,3/30/1978,3/25/1998,"244,387",98,0,2,2,0,1,0,63,170,22,8,4,5,2,5,,,,
20,26,3,2,2,260,50,11,36,3/29/1982,3/24/2002,"343,253",95,0,1,4,1,0,0,65,168,23,16,4,2,3,5,,,,
20,28,3,6,2,260,50,11,36,3/29/1982,3/24/2002,"343,253",95,0,1,4,1,0,0,65,168,23,4,5,1,4,4,,,,
20,28,3,6,2,260,50,11,36,3/29/1982,3/24/2002,"244,387",98,0,1,4,1,0,0,65,168,23,4,4,1,4,4,,,,
20,19,3,2,2,260,50,11,36,3/29/1982,3/24/2002,"244,387",98,0,1,4,1,0,0,65,168,23,8,4,1,4,5,,,,
22,13,3,2,3,179,26,9,30,3/27/1988,3/22/2008,"343,253",95,0,3,0,0,0,0,56,171,19,1,2,5,3,1,,,,
22,27,3,6,2,179,26,9,30,3/27/1988,3/22/2008,"222,196",99,0,3,0,0,0,0,56,171,19,3,1,3,2,1,,,,
22,27,3,6,2,179,26,9,30,3/27/1988,3/22/2008,"222,196",99,0,3,0,0,0,0,56,171,19,2,2,5,3,2,,,,
22,23,3,6,2,179,26,9,30,3/27/1988,3/22/2008,"222,196",99,0,3,0,0,0,0,56,171,19,2,2,4,3,2,,,,
22,13,3,2,3,179,26,9,30,3/27/1988,3/22/2008,"222,196",99,0,3,0,0,0,0,56,171,19,2,1,3,3,2,,,,
23,22,3,3,2,378,49,11,36,3/29/1982,3/24/2002,"244,387",98,0,1,2,0,1,4,65,174,21,8,1,1,5,4,,,,
24,19,3,4,2,246,25,16,41,3/30/1977,3/25/1997,"244,387",98,0,1,0,1,0,0,67,170,23,16,1,4,2,2,,,,
24,28,3,6,2,246,25,16,41,3/30/1977,3/25/1997,"244,387",98,0,1,0,1,0,0,67,170,23,2,1,3,2,2,,,,
24,0,3,5,3,246,25,16,41,3/30/1977,3/25/1997,"244,387",98,1,1,0,1,0,0,67,170,23,0,2,4,2,2,,,,
24,28,3,3,3,246,25,16,41,3/30/1977,3/25/1997,"244,387",98,0,1,0,1,0,0,67,170,23,2,2,5,3,2,,,,
25,25,3,2,2,235,16,8,32,3/28/1986,3/23/2006,"222,196",99,0,3,0,0,0,0,75,178,25,3,1,4,2,2,,,,
28,23,3,6,2,225,26,9,28,3/27/1990,3/22/2010,"343,253",95,0,1,1,0,0,2,69,169,24,1,1,3,2,2,,,,
28,23,3,4,2,225,26,9,28,3/27/1990,3/22/2010,"343,253",95,0,1,1,0,0,2,69,169,24,2,1,5,2,1,,,,
28,11,3,2,3,225,26,9,28,3/27/1990,3/22/2010,"343,253",95,0,1,1,0,0,2,69,169,24,8,1,4,3,2,,,,
28,11,3,3,3,225,26,9,28,3/27/1990,3/22/2010,"343,253",95,0,1,1,0,0,2,69,169,24,8,1,5,3,2,,,,
28,11,3,4,3,225,26,9,28,3/27/1990,3/22/2010,"343,253",95,0,1,1,0,0,2,69,169,24,16,1,5,2,1,,,,
28,28,3,6,3,225,26,9,28,3/27/1990,3/22/2010,"343,253",95,0,1,1,0,0,2,69,169,24,2,2,4,2,1,,,,
28,28,3,2,3,225,26,9,28,3/27/1990,3/22/2010,"343,253",95,0,1,1,0,0,2,69,169,24,1,2,4,2,2,,,,
28,27,3,5,2,225,26,9,28,3/27/1990,3/22/2010,"222,196",99,0,1,1,0,0,2,69,169,24,2,2,4,3,2,,,,
28,25,3,5,2,225,26,9,28,3/27/1990,3/22/2010,"222,196",99,0,1,1,0,0,2,69,169,24,2,2,4,3,2,,,,
28,7,3,2,2,225,26,9,28,3/27/1990,3/22/2010,"222,196",99,0,1,1,0,0,2,69,169,24,8,1,5,3,2,,,,
33,14,3,6,3,248,25,14,47,4/1/1971,3/27/1991,"343,253",95,0,1,2,0,0,1,86,165,32,3,4,4,4,4,,,,
33,23,3,2,2,248,25,14,47,4/1/1971,3/27/1991,"222,196",99,0,1,2,0,0,1,86,165,32,2,3,3,4,3,,,,
33,25,3,3,2,248,25,14,47,4/1/1971,3/27/1991,"222,196",99,0,1,2,0,0,1,86,165,32,3,3,2,2,3,,,,
33,13,3,2,2,248,25,14,47,4/1/1971,3/27/1991,"222,196",99,0,1,2,0,0,1,86,165,32,2,1,2,1,4,,,,
33,23,3,5,2,248,25,14,47,4/1/1971,3/27/1991,"222,196",99,0,1,2,0,0,1,86,165,32,3,3,5,2,1,,,,
1,7,4,6,3,235,11,14,37,3/29/1981,3/24/2001,"326,452",96,0,3,1,0,0,1,88,172,29,3,2,3,2,1,,,,
1,22,4,6,3,235,11,14,37,3/29/1981,3/24/2001,"246,288",91,0,3,1,0,0,1,88,172,29,8,1,4,3,1,,,,
2,0,4,2,3,235,29,12,48,4/1/1970,3/27/1990,"326,452",96,1,1,1,0,1,5,88,163,33,0,1,5,3,2,,,,
3,13,4,4,3,179,51,18,38,3/29/1980,3/24/2000,"326,452",96,0,1,0,1,0,0,89,170,31,24,1,5,3,1,,,,
3,28,4,4,3,179,51,18,38,3/29/1980,3/24/2000,"239,409",98,0,1,0,1,0,0,89,170,31,4,2,3,2,2,,,,
3,28,4,4,3,179,51,18,38,3/29/1980,3/24/2000,"239,409",98,0,1,0,1,0,0,89,170,31,8,2,5,2,1,,,,
3,28,4,2,3,179,51,18,38,3/29/1980,3/24/2000,"239,409",98,0,1,0,1,0,0,89,170,31,4,2,3,3,1,,,,
6,13,4,5,3,189,29,13,33,3/28/1985,3/23/2005,"246,288",91,0,1,2,0,0,2,69,167,25,8,1,4,4,4,,,,
10,19,4,3,3,361,52,3,28,3/27/1990,3/22/2010,"246,288",91,0,1,1,1,0,4,80,172,27,8,2,3,3,2,,,,
10,23,4,3,3,361,52,3,28,3/27/1990,3/22/2010,"246,288",91,0,1,1,1,0,4,80,172,27,2,1,4,3,2,,,,
11,19,4,3,3,289,36,13,33,3/28/1985,3/23/2005,"326,452",96,0,1,2,1,0,1,90,172,30,8,2,2,5,2,,,,
11,13,4,5,3,289,36,13,33,3/28/1985,3/23/2005,"326,452",96,0,1,2,1,0,1,90,172,30,16,4,2,5,2,,,,
13,22,4,2,3,369,17,12,31,3/28/1987,3/23/2007,"239,409",98,0,1,3,1,0,0,70,169,25,4,5,1,4,5,,,,
13,7,4,2,3,369,17,12,31,3/28/1987,3/23/2007,"246,288",91,0,1,3,1,0,0,70,169,25,24,4,2,3,4,,,,
14,28,4,3,3,155,12,14,34,3/28/1984,3/23/2004,"326,452",96,0,1,2,1,0,0,95,196,25,1,3,2,4,4,,,,
14,23,4,5,3,155,12,14,34,3/28/1984,3/23/2004,"326,452",96,0,1,2,1,0,0,95,196,25,1,4,5,4,1,,,,
14,12,4,4,3,155,12,14,34,3/28/1984,3/23/2004,"326,452",96,0,1,2,1,0,0,95,196,25,24,4,4,4,3,,,,
14,28,4,3,3,155,12,14,34,3/28/1984,3/23/2004,"246,288",91,0,1,2,1,0,0,95,196,25,4,4,2,4,3,,,,
15,28,4,4,3,291,31,12,40,3/30/1978,3/25/1998,"326,452",96,0,1,1,1,0,1,73,171,25,1,2,3,2,2,,,,
15,23,4,6,3,291,31,12,40,3/30/1978,3/25/1998,"326,452",96,0,1,1,1,0,1,73,171,25,3,1,5,3,1,,,,
15,28,4,6,3,291,31,12,40,3/30/1978,3/25/1998,"326,452",96,0,1,1,1,0,1,73,171,25,1,1,3,2,2,,,,
17,16,4,3,3,179,22,17,40,3/30/1978,3/25/1998,"246,288",91,0,2,2,0,1,0,63,170,22,2,2,2,3,2,,,,
18,26,4,6,3,330,16,4,28,3/27/1990,3/22/2010,"239,409",98,0,2,0,0,0,0,84,182,25,4,1,5,3,2,,,,
18,23,4,4,3,330,16,4,28,3/27/1990,3/22/2010,"239,409",98,0,2,0,0,0,0,84,182,25,8,1,3,2,1,,,,
20,28,4,6,3,260,50,11,36,3/29/1982,3/24/2002,"326,452",96,0,1,4,1,0,0,65,168,23,4,5,2,3,4,,,,
20,19,4,6,3,260,50,11,36,3/29/1982,3/24/2002,"326,452",96,0,1,4,1,0,0,65,168,23,56,4,2,4,4,,,,
20,28,4,6,3,260,50,11,36,3/29/1982,3/24/2002,"239,409",98,0,1,4,1,0,0,65,168,23,3,5,1,4,5,,,,
20,28,4,6,3,260,50,11,36,3/29/1982,3/24/2002,"239,409",98,0,1,4,1,0,0,65,168,23,4,4,1,3,5,,,,
22,27,4,6,3,179,26,9,30,3/27/1988,3/22/2008,"246,288",91,0,3,0,0,0,0,56,171,19,2,2,4,2,2,,,,
22,27,4,6,3,179,26,9,30,3/27/1988,3/22/2008,"246,288",91,0,3,0,0,0,0,56,171,19,2,2,4,2,2,,,,
22,27,4,6,3,179,26,9,30,3/27/1988,3/22/2008,"246,288",91,0,3,0,0,0,0,56,171,19,2,2,4,3,1,,,,
22,27,4,6,3,179,26,9,30,3/27/1988,3/22/2008,"246,288",91,0,3,0,0,0,0,56,171,19,2,1,4,3,1,,,,
23,19,4,4,3,378,49,11,36,3/29/1982,3/24/2002,"326,452",96,0,1,2,0,1,4,65,174,21,8,3,4,4,5,,,,
24,13,4,4,3,246,25,16,41,3/30/1977,3/25/1997,"326,452",96,0,1,0,1,0,0,67,170,23,24,1,3,2,2,,,,
24,14,4,6,3,246,25,16,41,3/30/1977,3/25/1997,"326,452",96,0,1,0,1,0,0,67,170,23,8,1,5,3,2,,,,
25,16,4,3,3,235,16,8,32,3/28/1986,3/23/2006,"246,288",91,0,3,0,0,0,0,75,178,25,3,1,5,2,1,,,,
26,28,4,6,3,300,26,13,43,3/31/1975,3/26/1995,"239,409",98,0,1,2,1,1,1,77,175,25,8,1,4,2,3,,,,
28,23,4,4,3,225,26,9,28,3/27/1990,3/22/2010,"326,452",96,0,1,1,0,0,2,69,169,24,1,2,4,3,1,,,,
28,28,4,6,3,225,26,9,28,3/27/1990,3/22/2010,"326,452",96,0,1,1,0,0,2,69,169,24,2,2,3,3,2,,,,
28,13,4,2,3,225,26,9,28,3/27/1990,3/22/2010,"246,288",91,0,1,1,0,0,2,69,169,24,8,1,4,3,2,,,,
28,19,4,2,3,225,26,9,28,3/27/1990,3/22/2010,"246,288",91,0,1,1,0,0,2,69,169,24,8,1,5,2,1,,,,
28,19,4,5,3,225,26,9,28,3/27/1990,3/22/2010,"246,288",91,0,1,1,0,0,2,69,169,24,8,2,4,3,2,,,,
33,28,4,6,3,248,25,14,47,4/1/1971,3/27/1991,"326,452",96,0,1,2,0,0,1,86,165,32,8,2,2,3,5,,,,
33,26,4,2,3,248,25,14,47,4/1/1971,3/27/1991,"239,409",98,0,1,2,0,0,1,86,165,32,4,2,2,2,5,,,,
33,19,4,4,3,248,25,14,47,4/1/1971,3/27/1991,"246,288",91,0,1,2,0,0,1,86,165,32,8,4,5,3,4,,,,
17,10,5,4,3,179,22,17,40,3/30/1978,3/25/1998,"237,656",99,0,2,2,0,1,0,63,170,22,8,3,3,4,2,,,,
17,25,5,6,3,179,22,17,40,3/30/1978,3/25/1998,"237,656",99,0,2,2,0,1,0,63,170,22,8,1,2,5,5,,,,
18,13,5,6,3,330,16,4,28,3/27/1990,3/22/2010,"246,074",99,0,2,0,0,0,0,84,182,25,8,2,4,2,2,,,,
18,10,5,5,3,330,16,4,28,3/27/1990,3/22/2010,"237,656",99,0,2,0,0,0,0,84,182,25,8,1,4,3,2,,,,
20,28,5,6,3,260,50,11,36,3/29/1982,3/24/2002,"246,074",99,0,1,4,1,0,0,65,168,23,3,5,1,3,4,,,,
22,23,5,4,3,179,26,9,30,3/27/1988,3/22/2008,"246,074",99,0,3,0,0,0,0,56,171,19,3,1,4,2,2,,,,
22,25,5,2,3,179,26,9,30,3/27/1988,3/22/2008,"246,074",99,0,3,0,0,0,0,56,171,19,2,1,3,2,1,,,,
22,23,5,4,3,179,26,9,30,3/27/1988,3/22/2008,"246,074",99,0,3,0,0,0,0,56,171,19,3,1,4,3,1,,,,
22,13,5,5,3,179,26,9,30,3/27/1988,3/22/2008,"237,656",99,0,3,0,0,0,0,56,171,19,1,2,5,3,2,,,,
22,27,5,6,3,179,26,9,30,3/27/1988,3/22/2008,"237,656",99,0,3,0,0,0,0,56,171,19,2,1,3,3,1,,,,
22,27,5,4,3,179,26,9,30,3/27/1988,3/22/2008,"237,656",99,0,3,0,0,0,0,56,171,19,2,1,4,3,1,,,,
22,27,5,6,3,179,26,9,30,3/27/1988,3/22/2008,"237,656",99,0,3,0,0,0,0,56,171,19,2,1,4,3,2,,,,
23,0,5,4,3,378,49,11,36,3/29/1982,3/24/2002,"237,656",99,1,1,2,0,1,4,65,174,21,0,2,5,3,3,,,,
25,28,5,4,3,235,16,8,32,3/28/1986,3/23/2006,"237,656",99,0,3,0,0,0,0,75,178,25,2,1,3,3,1,,,,
25,10,5,2,3,235,16,8,32,3/28/1986,3/23/2006,"237,656",99,0,3,0,0,0,0,75,178,25,8,1,5,3,1,,,,
25,23,5,5,3,235,16,8,32,3/28/1986,3/23/2006,"237,656",99,0,3,0,0,0,0,75,178,25,2,2,3,2,2,,,,
26,19,5,6,3,300,26,13,43,3/31/1975,3/26/1995,"237,656",99,0,1,2,1,1,1,77,175,25,64,1,4,1,4,,,,
27,7,5,4,3,184,42,7,27,3/27/1991,3/22/2011,"378,884",92,0,1,0,0,0,0,58,167,21,4,1,5,3,2,,,,
28,19,5,3,3,225,26,9,28,3/27/1990,3/22/2010,"378,884",92,0,1,1,0,0,2,69,169,24,8,2,4,3,2,,,,
28,25,5,4,3,225,26,9,28,3/27/1990,3/22/2010,"246,074",99,0,1,1,0,0,2,69,169,24,3,2,4,3,2,,,,
28,6,5,4,3,225,26,9,28,3/27/1990,3/22/2010,"237,656",99,0,1,1,0,0,2,69,169,24,3,2,4,3,1,,,,
28,11,5,2,3,225,26,9,28,3/27/1990,3/22/2010,"237,656",99,0,1,1,0,0,2,69,169,24,1,1,5,2,1,,,,
29,19,5,4,3,225,15,15,41,3/30/1977,3/25/1997,"237,656",99,0,4,2,1,0,2,94,182,28,3,3,4,4,4,,,,
29,14,5,5,3,225,15,15,41,3/30/1977,3/25/1997,"237,656",99,0,4,2,1,0,2,94,182,28,8,3,2,5,1,,,,
29,22,5,6,3,225,15,15,41,3/30/1977,3/25/1997,"237,656",99,0,4,2,1,0,2,94,182,28,8,2,1,2,4,,,,
33,23,5,4,3,248,25,14,47,4/1/1971,3/27/1991,"246,074",99,0,1,2,0,0,1,86,165,32,2,3,3,1,2,,,,
34,28,5,2,3,118,10,10,37,3/29/1981,3/24/2001,"246,074",99,0,1,0,0,0,0,83,172,28,1,2,4,2,2,,,,
34,8,5,4,3,118,10,10,37,3/29/1981,3/24/2001,"237,656",99,0,1,0,0,0,0,83,172,28,3,1,3,3,2,,,,
34,28,5,3,3,118,10,10,37,3/29/1981,3/24/2001,"237,656",99,0,1,0,0,0,0,83,172,28,1,2,4,3,1,,,,
36,23,5,2,3,118,13,18,50,4/1/1968,3/27/1988,"237,656",99,0,1,1,1,0,0,98,178,31,2,1,5,2,2,,,,
36,5,5,3,3,118,13,18,50,4/1/1968,3/27/1988,"237,656",99,0,1,1,1,0,0,98,178,31,3,1,5,2,1,,,,
36,0,5,3,3,118,13,18,50,4/1/1968,3/27/1988,"237,656",99,1,1,1,1,0,0,98,178,31,0,1,3,3,2,,,,
1,13,6,6,3,235,11,14,37,3/29/1981,3/24/2001,"377,550",94,0,3,1,0,0,1,88,172,29,16,1,3,2,1,,,,
1,13,6,3,3,235,11,14,37,3/29/1981,3/24/2001,"253,957",95,0,3,1,0,0,1,88,172,29,8,2,4,2,2,,,,
2,0,6,2,3,235,29,12,48,4/1/1970,3/27/1990,"275,089",96,1,1,1,0,1,5,88,163,33,0,1,4,3,1,,,,
3,11,6,3,3,179,51,18,38,3/29/1980,3/24/2000,"378,884",92,0,1,0,1,0,0,89,170,31,1,2,4,3,1,,,,
3,11,6,2,3,179,51,18,38,3/29/1980,3/24/2000,"377,550",94,0,1,0,1,0,0,89,170,31,8,1,3,3,1,,,,
3,11,6,6,3,179,51,18,38,3/29/1980,3/24/2000,"377,550",94,0,1,0,1,0,0,89,170,31,2,1,5,2,2,,,,
3,28,6,2,3,179,51,18,38,3/29/1980,3/24/2000,"253,957",95,0,1,0,1,0,0,89,170,31,3,2,4,3,1,,,,
3,0,6,6,3,179,51,18,38,3/29/1980,3/24/2000,"253,957",95,1,1,0,1,0,0,89,170,31,0,1,4,2,2,,,,
3,28,6,2,3,179,51,18,38,3/29/1980,3/24/2000,"253,957",95,0,1,0,1,0,0,89,170,31,24,2,5,3,2,,,,
3,28,6,2,3,179,51,18,38,3/29/1980,3/24/2000,"253,957",95,0,1,0,1,0,0,89,170,31,4,1,4,3,2,,,,
3,28,6,2,1,179,51,18,38,3/29/1980,3/24/2000,"253,957",95,0,1,0,1,0,0,89,170,31,2,1,4,3,1,,,,
3,5,6,4,1,179,51,18,38,3/29/1980,3/24/2000,"253,957",95,0,1,0,1,0,0,89,170,31,8,1,3,3,1,,,,
5,26,6,3,3,235,20,13,43,3/31/1975,3/26/1995,"253,957",95,0,1,1,1,0,0,106,167,38,8,1,5,3,1,,,,
10,22,6,6,3,361,52,3,28,3/27/1990,3/22/2010,"378,884",92,0,1,1,1,0,4,80,172,27,8,1,4,2,1,,,,
10,22,6,2,3,361,52,3,28,3/27/1990,3/22/2010,"377,550",94,0,1,1,1,0,4,80,172,27,8,2,3,3,2,,,,
12,19,6,6,3,233,51,1,31,3/28/1987,3/23/2007,"275,089",96,0,2,1,1,0,8,68,178,21,8,2,3,2,1,,,,
12,22,6,5,1,233,51,1,31,3/28/1987,3/23/2007,"275,089",96,0,2,1,1,0,8,68,178,21,8,1,5,3,1,,,,
12,22,6,4,1,233,51,1,31,3/28/1987,3/23/2007,"275,089",96,0,2,1,1,0,8,68,178,21,3,1,3,2,2,,,,
14,23,6,2,3,155,12,14,34,3/28/1984,3/23/2004,"377,550",94,0,1,2,1,0,0,95,196,25,4,4,2,2,3,,,,
15,23,6,5,3,291,31,12,40,3/30/1978,3/25/1998,"377,550",94,0,1,1,1,0,1,73,171,25,4,2,4,2,1,,,,
15,13,6,2,3,291,31,12,40,3/30/1978,3/25/1998,"253,957",95,0,1,1,1,0,1,73,171,25,40,1,4,2,2,,,,
15,28,6,5,3,291,31,12,40,3/30/1978,3/25/1998,"275,089",96,0,1,1,1,0,1,73,171,25,2,1,3,2,1,,,,
16,7,6,4,3,118,15,24,46,3/31/1972,3/26/1992,"275,089",96,0,1,2,1,1,0,75,175,25,8,3,4,1,3,,,,
18,0,6,4,3,330,16,4,28,3/27/1990,3/22/2010,"378,884",92,1,2,0,0,0,0,84,182,25,0,1,3,3,2,,,,
18,11,6,3,1,330,16,4,28,3/27/1990,3/22/2010,"253,957",95,0,2,0,0,0,0,84,182,25,1,1,4,2,2,,,,
20,28,6,6,3,260,50,11,36,3/29/1982,3/24/2002,"253,957",95,0,1,4,1,0,0,65,168,23,4,5,2,4,5,,,,
21,0,6,2,3,268,11,8,33,3/28/1985,3/23/2005,"275,089",96,1,2,0,0,0,0,79,178,25,0,1,3,3,2,,,,
22,21,6,4,2,179,26,9,30,3/27/1988,3/22/2008,"253,957",95,0,3,0,0,0,0,56,171,19,2,1,5,2,2,,,,
22,27,6,4,3,179,26,9,30,3/27/1988,3/22/2008,"275,089",96,0,3,0,0,0,0,56,171,19,3,1,5,2,1,,,,
22,27,6,6,3,179,26,9,30,3/27/1988,3/22/2008,"275,089",96,0,3,0,0,0,0,56,171,19,2,2,4,2,2,,,,
22,13,6,5,3,179,26,9,30,3/27/1988,3/22/2008,"275,089",96,0,3,0,0,0,0,56,171,19,2,1,3,3,2,,,,
22,13,6,2,2,179,26,9,30,3/27/1988,3/22/2008,"275,089",96,0,3,0,0,0,0,56,171,19,3,2,5,3,1,,,,
23,0,6,4,3,378,49,11,36,3/29/1982,3/24/2002,"378,884",92,1,1,2,0,1,4,65,174,21,0,2,4,5,2,,,,
23,22,6,5,3,378,49,11,36,3/29/1982,3/24/2002,"377,550",94,0,1,2,0,1,4,65,174,21,8,4,2,4,2,,,,
23,22,6,5,3,378,49,11,36,3/29/1982,3/24/2002,"275,089",96,0,1,2,0,1,4,65,174,21,8,4,2,2,4,,,,
24,19,6,2,3,246,25,16,41,3/30/1977,3/25/1997,"377,550",94,0,1,0,1,0,0,67,170,23,8,1,4,2,2,,,,
24,10,6,3,3,246,25,16,41,3/30/1977,3/25/1997,"377,550",94,0,1,0,1,0,0,67,170,23,24,2,4,2,2,,,,
24,10,6,6,3,246,25,16,41,3/30/1977,3/25/1997,"377,550",94,0,1,0,1,0,0,67,170,23,8,2,5,3,1,,,,
24,10,6,2,3,246,25,16,41,3/30/1977,3/25/1997,"377,550",94,0,1,0,1,0,0,67,170,23,8,2,3,3,2,,,,
24,28,6,3,3,246,25,16,41,3/30/1977,3/25/1997,"253,957",95,0,1,0,1,0,0,67,170,23,3,1,3,2,2,,,,
24,28,6,6,1,246,25,16,41,3/30/1977,3/25/1997,"253,957",95,0,1,0,1,0,0,67,170,23,2,2,3,3,2,,,,
28,28,6,5,2,225,26,9,28,3/27/1990,3/22/2010,"377,550",94,0,1,1,0,0,2,69,169,24,2,2,3,3,2,,,,
28,23,6,5,3,225,26,9,28,3/27/1990,3/22/2010,"253,957",95,0,1,1,0,0,2,69,169,24,4,2,4,3,2,,,,
28,23,6,4,1,225,26,9,28,3/27/1990,3/22/2010,"253,957",95,0,1,1,0,0,2,69,169,24,2,2,4,3,1,,,,
31,0,6,4,3,388,15,9,50,4/1/1968,3/27/1988,"378,884",92,1,1,0,0,0,0,76,178,24,0,1,4,3,1,,,,
32,28,6,2,1,289,48,29,49,4/1/1969,3/27/1989,"377,550",94,0,1,0,0,0,2,108,172,36,2,1,4,2,1,,,,
34,23,6,2,3,118,10,10,37,3/29/1981,3/24/2001,"253,957",95,0,1,0,0,0,0,83,172,28,3,2,4,2,2,,,,
34,28,6,3,3,118,10,10,37,3/29/1981,3/24/2001,"253,957",95,0,1,0,0,0,0,83,172,28,2,1,4,3,1,,,,
34,26,6,6,3,118,10,10,37,3/29/1981,3/24/2001,"275,089",96,0,1,0,0,0,0,83,172,28,8,1,3,3,1,,,,
34,10,6,4,3,118,10,10,37,3/29/1981,3/24/2001,"275,089",96,0,1,0,0,0,0,83,172,28,8,1,4,3,1,,,,
34,25,6,2,1,118,10,10,37,3/29/1981,3/24/2001,"275,089",96,0,1,0,0,0,0,83,172,28,3,1,4,3,1,,,,
34,8,6,6,1,118,10,10,37,3/29/1981,3/24/2001,"275,089",96,0,1,0,0,0,0,83,172,28,2,1,3,2,2,,,,
34,10,6,4,1,118,10,10,37,3/29/1981,3/24/2001,"275,089",96,0,1,0,0,0,0,83,172,28,3,2,4,3,1,,,,
36,13,6,4,3,118,13,18,50,4/1/1968,3/27/1988,"378,884",92,0,1,1,1,0,0,98,178,31,24,2,4,3,1,,,,
36,13,6,4,3,118,13,18,50,4/1/1968,3/27/1988,"377,550",94,0,1,1,1,0,0,98,178,31,8,1,4,3,2,,,,
36,23,6,3,3,118,13,18,50,4/1/1968,3/27/1988,"377,550",94,0,1,1,1,0,0,98,178,31,1,2,5,2,2,,,,
36,13,6,4,3,118,13,18,50,4/1/1968,3/27/1988,"377,550",94,0,1,1,1,0,0,98,178,31,80,1,5,3,1,,,,
36,23,6,4,1,118,13,18,50,4/1/1968,3/27/1988,"253,957",95,0,1,1,1,0,0,98,178,31,2,2,4,2,1,,,,
36,19,6,5,3,118,13,18,50,4/1/1968,3/27/1988,"275,089",96,0,1,1,1,0,0,98,178,31,24,1,4,3,2,,,,
36,19,6,5,3,118,13,18,50,4/1/1968,3/27/1988,"275,089",96,0,1,1,1,0,0,98,178,31,3,2,3,2,1,,,,
3,11,7,4,2,179,51,18,38,3/29/1980,3/24/2000,"302,585",99,0,1,0,1,0,0,89,170,31,8,2,5,3,2,,,,
3,27,7,4,2,179,51,18,38,3/29/1980,3/24/2000,"251,818",96,0,1,0,1,0,0,89,170,31,3,2,5,3,1,,,,
3,23,7,6,2,179,51,18,38,3/29/1980,3/24/2000,"251,818",96,0,1,0,1,0,0,89,170,31,3,1,4,2,2,,,,
3,27,7,2,2,179,51,18,38,3/29/1980,3/24/2000,"251,818",96,0,1,0,1,0,0,89,170,31,2,2,4,3,2,,,,
3,27,7,4,2,179,51,18,38,3/29/1980,3/24/2000,"251,818",96,0,1,0,1,0,0,89,170,31,3,2,5,2,2,,,,
3,10,7,5,2,179,51,18,38,3/29/1980,3/24/2000,"251,818",96,0,1,0,1,0,0,89,170,31,8,1,4,2,1,,,,
3,27,7,6,2,179,51,18,38,3/29/1980,3/24/2000,"251,818",96,0,1,0,1,0,0,89,170,31,3,1,4,2,1,,,,
3,27,7,2,2,179,51,18,38,3/29/1980,3/24/2000,"251,818",96,0,1,0,1,0,0,89,170,31,3,2,5,2,2,,,,
3,27,7,4,2,179,51,18,38,3/29/1980,3/24/2000,"251,818",96,0,1,0,1,0,0,89,170,31,3,2,3,3,2,,,,
3,27,7,6,2,179,51,18,38,3/29/1980,3/24/2000,"251,818",96,0,1,0,1,0,0,89,170,31,3,2,4,2,1,,,,
3,27,7,4,2,179,51,18,38,3/29/1980,3/24/2000,"251,818",96,0,1,0,1,0,0,89,170,31,3,2,4,2,2,,,,
3,27,7,6,2,179,51,18,38,3/29/1980,3/24/2000,"251,818",96,0,1,0,1,0,0,89,170,31,3,1,3,2,1,,,,
3,13,7,3,2,179,51,18,38,3/29/1980,3/24/2000,"264,249",97,0,1,0,1,0,0,89,170,31,8,2,3,3,2,,,,
3,27,7,4,2,179,51,18,38,3/29/1980,3/24/2000,"264,249",97,0,1,0,1,0,0,89,170,31,2,1,4,3,2,,,,
3,27,7,5,2,179,51,18,38,3/29/1980,3/24/2000,"264,249",97,0,1,0,1,0,0,89,170,31,2,2,5,3,1,,,,
3,27,7,6,2,179,51,18,38,3/29/1980,3/24/2000,"264,249",97,0,1,0,1,0,0,89,170,31,2,2,3,2,2,,,,
3,27,7,2,2,179,51,18,38,3/29/1980,3/24/2000,"264,249",97,0,1,0,1,0,0,89,170,31,2,2,5,3,2,,,,
3,27,7,4,2,179,51,18,38,3/29/1980,3/24/2000,"264,249",97,0,1,0,1,0,0,89,170,31,3,1,4,2,1,,,,
3,27,7,5,2,179,51,18,38,3/29/1980,3/24/2000,"264,249",97,0,1,0,1,0,0,89,170,31,3,1,3,3,1,,,,
3,27,7,6,2,179,51,18,38,3/29/1980,3/24/2000,"264,249",97,0,1,0,1,0,0,89,170,31,3,1,5,3,1,,,,
3,27,7,4,2,179,51,18,38,3/29/1980,3/24/2000,"264,249",97,0,1,0,1,0,0,89,170,31,2,2,4,2,1,,,,
3,13,7,5,2,179,51,18,38,3/29/1980,3/24/2000,"264,249",97,0,1,0,1,0,0,89,170,31,8,1,3,2,2,,,,
3,27,7,6,2,179,51,18,38,3/29/1980,3/24/2000,"264,249",97,0,1,0,1,0,0,89,170,31,2,2,4,2,1,,,,
3,27,7,2,2,179,51,18,38,3/29/1980,3/24/2000,"264,249",97,0,1,0,1,0,0,89,170,31,2,1,3,2,2,,,,
3,27,7,3,2,179,51,18,38,3/29/1980,3/24/2000,"264,249",97,0,1,0,1,0,0,89,170,31,2,2,5,3,1,,,,
3,27,7,4,2,179,51,18,38,3/29/1980,3/24/2000,"264,249",97,0,1,0,1,0,0,89,170,31,2,1,4,3,2,,,,
1,22,7,2,2,235,11,14,37,3/29/1981,3/24/2001,"244,387",98,0,3,1,0,0,1,88,172,29,8,1,4,2,2,,,,
1,21,7,5,2,235,11,14,37,3/29/1981,3/24/2001,"244,387",98,0,3,1,0,0,1,88,172,29,8,2,5,2,1,,,,
1,0,7,5,3,235,11,14,37,3/29/1981,3/24/2001,"244,387",98,1,3,1,0,0,1,88,172,29,0,1,4,3,1,,,,
3,13,7,3,2,179,51,18,38,3/29/1980,3/24/2000,"343,253",95,0,1,0,1,0,0,89,170,31,24,2,3,3,1,,,,
3,13,7,4,3,179,51,18,38,3/29/1980,3/24/2000,"343,253",95,0,1,0,1,0,0,89,170,31,3,2,4,3,1,,,,
3,28,7,2,2,179,51,18,38,3/29/1980,3/24/2000,"244,387",98,0,1,0,1,0,0,89,170,31,2,2,3,3,2,,,,
3,28,7,2,2,179,51,18,38,3/29/1980,3/24/2000,"244,387",98,0,1,0,1,0,0,89,170,31,16,1,5,2,1,,,,
3,28,7,6,3,179,51,18,38,3/29/1980,3/24/2000,"244,387",98,0,1,0,1,0,0,89,170,31,8,1,4,2,2,,,,
3,27,7,2,2,179,51,18,38,3/29/1980,3/24/2000,"222,196",99,0,1,0,1,0,0,89,170,31,2,1,5,3,2,,,,
3,27,7,4,2,179,51,18,38,3/29/1980,3/24/2000,"222,196",99,0,1,0,1,0,0,89,170,31,2,1,4,2,2,,,,
3,27,7,5,2,179,51,18,38,3/29/1980,3/24/2000,"222,196",99,0,1,0,1,0,0,89,170,31,3,2,4,3,1,,,,
3,13,7,3,2,179,51,18,38,3/29/1980,3/24/2000,"222,196",99,0,1,0,1,0,0,89,170,31,8,1,3,2,2,,,,
3,27,7,4,2,179,51,18,38,3/29/1980,3/24/2000,"222,196",99,0,1,0,1,0,0,89,170,31,2,1,5,3,2,,,,
3,27,7,5,2,179,51,18,38,3/29/1980,3/24/2000,"222,196",99,0,1,0,1,0,0,89,170,31,3,2,3,3,2,,,,
3,10,7,2,2,179,51,18,38,3/29/1980,3/24/2000,"222,196",99,0,1,0,1,0,0,89,170,31,4,2,3,3,1,,,,
3,27,7,2,2,179,51,18,38,3/29/1980,3/24/2000,"222,196",99,0,1,0,1,0,0,89,170,31,3,1,4,2,2,,,,
3,27,7,3,2,179,51,18,38,3/29/1980,3/24/2000,"222,196",99,0,1,0,1,0,0,89,170,31,2,1,3,2,1,,,,
3,27,7,4,2,179,51,18,38,3/29/1980,3/24/2000,"222,196",99,0,1,0,1,0,0,89,170,31,2,2,5,2,1,,,,
3,27,7,5,2,179,51,18,38,3/29/1980,3/24/2000,"222,196",99,0,1,0,1,0,0,89,170,31,3,2,4,2,1,,,,
3,27,7,6,2,179,51,18,38,3/29/1980,3/24/2000,"222,196",99,0,1,0,1,0,0,89,170,31,3,1,5,3,2,,,,
3,27,7,3,3,179,51,18,38,3/29/1980,3/24/2000,"222,196",99,0,1,0,1,0,0,89,170,31,3,2,3,2,2,,,,
3,27,7,4,3,179,51,18,38,3/29/1980,3/24/2000,"222,196",99,0,1,0,1,0,0,89,170,31,3,2,5,3,2,,,,
3,27,7,5,3,179,51,18,38,3/29/1980,3/24/2000,"222,196",99,0,1,0,1,0,0,89,170,31,3,1,3,3,1,,,,
7,14,7,2,2,279,5,14,39,3/30/1979,3/25/1999,"343,253",95,0,1,2,1,1,0,68,168,24,8,2,3,1,3,,,,
7,14,7,5,3,279,5,14,39,3/30/1979,3/25/1999,"343,253",95,0,1,2,1,1,0,68,168,24,16,2,4,3,3,,,,
9,25,7,3,2,228,14,16,58,4/3/1960,3/29/1980,"222,196",99,0,1,2,0,0,1,65,172,22,3,4,4,5,2,,,,
9,12,7,3,2,228,14,16,58,4/3/1960,3/29/1980,"222,196",99,0,1,2,0,0,1,65,172,22,112,3,4,5,3,,,,
9,25,7,4,2,228,14,16,58,4/3/1960,3/29/1980,"222,196",99,0,1,2,0,0,1,65,172,22,2,3,1,4,4,,,,
10,22,7,4,2,361,52,3,28,3/27/1990,3/22/2010,"244,387",98,0,1,1,1,0,4,80,172,27,8,2,3,3,2,,,,
10,19,7,2,2,361,52,3,28,3/27/1990,3/22/2010,"222,196",99,0,1,1,1,0,4,80,172,27,8,2,3,2,2,,,,
11,6,7,5,2,289,36,13,33,3/28/1985,3/23/2005,"343,253",95,0,1,2,1,0,1,90,172,30,8,4,2,3,3,,,,
11,22,7,6,3,289,36,13,33,3/28/1985,3/23/2005,"244,387",98,0,1,2,1,0,1,90,172,30,8,5,5,3,5,,,,
11,23,7,4,2,289,36,13,33,3/28/1985,3/23/2005,"222,196",99,0,1,2,1,0,1,90,172,30,8,3,5,3,5,,,,
11,19,7,2,3,289,36,13,33,3/28/1985,3/23/2005,"222,196",99,0,1,2,1,0,1,90,172,30,104,1,5,4,2,,,,
13,0,7,4,2,369,17,12,31,3/28/1987,3/23/2007,"244,387",98,1,1,3,1,0,0,70,169,25,0,4,1,4,4,,,,
36,14,7,3,3,118,13,18,50,4/1/1968,3/27/1988,"244,387",98,0,1,1,1,0,0,98,178,31,3,2,5,3,1,,,,
36,13,7,4,3,118,13,18,50,4/1/1968,3/27/1988,"244,387",98,0,1,1,1,0,0,98,178,31,8,1,5,2,2,,,,
36,0,7,5,3,118,13,18,50,4/1/1968,3/27/1988,"244,387",98,1,1,1,1,0,0,98,178,31,0,2,4,2,2,,,,
1,22,7,2,1,235,11,14,37,3/29/1981,3/24/2001,"239,554",97,0,3,1,0,0,1,88,172,29,8,2,5,3,2,,,,
1,26,7,2,4,235,11,14,37,3/29/1981,3/24/2001,"265,017",88,0,3,1,0,0,1,88,172,29,4,2,4,3,2,,,,
1,11,7,3,1,235,11,14,37,3/29/1981,3/24/2001,"264,604",93,0,3,1,0,0,1,88,172,29,4,1,4,2,1,,,,
2,23,7,2,1,235,29,12,48,4/1/1970,3/27/1990,"230,290",92,0,1,1,0,1,5,88,163,33,1,2,4,3,1,,,,
3,23,7,4,1,179,51,18,38,3/29/1980,3/24/2000,"239,554",97,0,1,0,1,0,0,89,170,31,2,1,5,2,1,,,,
3,23,7,6,1,179,51,18,38,3/29/1980,3/24/2000,"239,554",97,0,1,0,1,0,0,89,170,31,2,2,5,2,2,,,,
3,11,7,4,1,179,51,18,38,3/29/1980,3/24/2000,"239,554",97,0,1,0,1,0,0,89,170,31,1,2,4,2,2,,,,
3,23,7,4,1,179,51,18,38,3/29/1980,3/24/2000,"239,554",97,0,1,0,1,0,0,89,170,31,4,1,3,3,2,,,,
3,23,7,6,1,179,51,18,38,3/29/1980,3/24/2000,"239,554",97,0,1,0,1,0,0,89,170,31,2,2,5,3,2,,,,
3,21,7,2,1,179,51,18,38,3/29/1980,3/24/2000,"239,554",97,0,1,0,1,0,0,89,170,31,8,1,5,2,2,,,,
3,26,7,5,1,179,51,18,38,3/29/1980,3/24/2000,"275,312",98,0,1,0,1,0,0,89,170,31,8,1,3,3,2,,,,
3,28,7,4,4,179,51,18,38,3/29/1980,3/24/2000,"265,017",88,0,1,0,1,0,0,89,170,31,1,2,3,3,2,,,,
3,28,7,3,1,179,51,18,38,3/29/1980,3/24/2000,"230,290",92,0,1,0,1,0,0,89,170,31,1,2,3,3,1,,,,
5,26,7,2,1,235,20,13,43,3/31/1975,3/26/1995,"230,290",92,0,1,1,1,0,0,106,167,38,8,2,4,2,2,,,,
5,26,7,4,1,235,20,13,43,3/31/1975,3/26/1995,"264,604",93,0,1,1,1,0,0,106,167,38,4,1,3,2,2,,,,
6,11,7,5,1,189,29,13,33,3/28/1985,3/23/2005,"239,554",97,0,1,2,0,0,2,69,167,25,8,3,3,4,2,,,,
6,22,7,3,1,189,29,13,33,3/28/1985,3/23/2005,"264,604",93,0,1,2,0,0,2,69,167,25,16,4,3,2,3,,,,
7,7,7,5,1,279,5,14,39,3/30/1979,3/25/1999,"239,554",97,0,1,2,1,1,0,68,168,24,4,5,3,2,4,,,,
7,23,7,5,1,279,5,14,39,3/30/1979,3/25/1999,"230,290",92,0,1,2,1,1,0,68,168,24,2,2,2,3,4,,,,
9,6,7,2,1,228,14,16,58,4/3/1960,3/29/1980,"264,604",93,0,1,2,0,0,1,65,172,22,8,1,2,4,2,,,,
9,6,7,3,1,228,14,16,58,4/3/1960,3/29/1980,"264,604",93,0,1,2,0,0,1,65,172,22,120,2,5,4,1,,,,
10,22,7,6,1,361,52,3,28,3/27/1990,3/22/2010,"239,554",97,0,1,1,1,0,4,80,172,27,8,2,3,3,2,,,,
10,22,7,3,1,361,52,3,28,3/27/1990,3/22/2010,"275,312",98,0,1,1,1,0,4,80,172,27,8,2,3,3,2,,,,
10,22,7,6,1,361,52,3,28,3/27/1990,3/22/2010,"230,290",92,0,1,1,1,0,4,80,172,27,8,2,4,3,1,,,,
10,22,7,4,1,361,52,3,28,3/27/1990,3/22/2010,"264,604",93,0,1,1,1,0,4,80,172,27,8,2,3,2,1,,,,
11,26,7,3,1,289,36,13,33,3/28/1985,3/23/2005,"239,554",97,0,1,2,1,0,1,90,172,30,4,4,1,4,1,,,,
11,23,7,5,1,289,36,13,33,3/28/1985,3/23/2005,"239,554",97,0,1,2,1,0,1,90,172,30,2,3,4,2,1,,,,
11,26,7,4,1,289,36,13,33,3/28/1985,3/23/2005,"275,312",98,0,1,2,1,0,1,90,172,30,8,2,4,4,2,,,,
11,19,7,2,1,289,36,13,33,3/28/1985,3/23/2005,"275,312",98,0,1,2,1,0,1,90,172,30,32,4,3,4,3,,,,
11,19,7,5,1,289,36,13,33,3/28/1985,3/23/2005,"275,312",98,0,1,2,1,0,1,90,172,30,8,4,4,1,4,,,,
11,24,7,2,4,289,36,13,33,3/28/1985,3/23/2005,"265,017",88,0,1,2,1,0,1,90,172,30,8,2,1,4,1,,,,
11,26,7,2,4,289,36,13,33,3/28/1985,3/23/2005,"265,017",88,0,1,2,1,0,1,90,172,30,8,4,4,4,5,,,,
11,22,7,6,4,289,36,13,33,3/28/1985,3/23/2005,"265,017",88,0,1,2,1,0,1,90,172,30,8,1,2,2,3,,,,
11,22,7,2,1,289,36,13,33,3/28/1985,3/23/2005,"230,290",92,0,1,2,1,0,1,90,172,30,8,5,3,4,4,,,,
11,14,7,3,1,289,36,13,33,3/28/1985,3/23/2005,"264,604",93,0,1,2,1,0,1,90,172,30,8,4,3,4,5,,,,
12,19,7,6,1,233,51,1,31,3/28/1987,3/23/2007,"264,604",93,0,2,1,1,0,8,68,178,21,2,1,5,2,1,,,,
13,22,7,2,4,369,17,12,31,3/28/1987,3/23/2007,"265,017",88,0,1,3,1,0,0,70,169,25,8,4,2,3,5,,,,
13,13,7,2,1,369,17,12,31,3/28/1987,3/23/2007,"264,604",93,0,1,3,1,0,0,70,169,25,80,4,2,3,4,,,,
14,19,7,2,1,155,12,14,34,3/28/1984,3/23/2004,"239,554",97,0,1,2,1,0,0,95,196,25,40,1,3,5,5,,,,
14,19,7,3,1,155,12,14,34,3/28/1984,3/23/2004,"275,312",98,0,1,2,1,0,0,95,196,25,16,3,3,2,2,,,,
14,25,7,6,1,155,12,14,34,3/28/1984,3/23/2004,"275,312",98,0,1,2,1,0,0,95,196,25,2,2,4,1,3,,,,
15,28,7,5,1,291,31,12,40,3/30/1978,3/25/1998,"230,290",92,0,1,1,1,0,1,73,171,25,1,1,5,3,2,,,,
18,26,7,3,1,330,16,4,28,3/27/1990,3/22/2010,"275,312",98,0,2,0,0,0,0,84,182,25,8,2,5,2,2,,,,
18,1,7,2,1,330,16,4,28,3/27/1990,3/22/2010,"275,312",98,0,2,0,0,0,0,84,182,25,8,2,3,2,2,,,,
18,1,7,3,1,330,16,4,28,3/27/1990,3/22/2010,"275,312",98,0,2,0,0,0,0,84,182,25,8,1,5,3,1,,,,
18,25,7,6,1,330,16,4,28,3/27/1990,3/22/2010,"230,290",92,0,2,0,0,0,0,84,182,25,8,1,5,2,2,,,,
20,23,7,6,1,260,50,11,36,3/29/1982,3/24/2002,"239,554",97,0,1,4,1,0,0,65,168,23,4,4,2,3,4,,,,
20,1,7,2,1,260,50,11,36,3/29/1982,3/24/2002,"239,554",97,0,1,4,1,0,0,65,168,23,8,4,2,4,5,,,,
20,1,7,3,1,260,50,11,36,3/29/1982,3/24/2002,"239,554",97,0,1,4,1,0,0,65,168,23,8,4,2,4,5,,,,
20,11,7,4,1,260,50,11,36,3/29/1982,3/24/2002,"239,554",97,0,1,4,1,0,0,65,168,23,8,4,1,3,4,,,,
20,0,7,5,1,260,50,11,36,3/29/1982,3/24/2002,"275,312",98,1,1,4,1,0,0,65,168,23,0,5,1,3,5,,,,
20,13,7,6,1,260,50,11,36,3/29/1982,3/24/2002,"230,290",92,0,1,4,1,0,0,65,168,23,8,5,2,3,5,,,,
20,26,7,2,1,260,50,11,36,3/29/1982,3/24/2002,"230,290",92,0,1,4,1,0,0,65,168,23,4,5,2,3,4,,,,
21,7,7,2,1,268,11,8,33,3/28/1985,3/23/2005,"230,290",92,0,2,0,0,0,0,79,178,25,8,2,4,2,2,,,,
22,18,7,5,1,179,26,9,30,3/27/1988,3/22/2008,"275,312",98,0,3,0,0,0,0,56,171,19,8,1,4,2,2,,,,
22,1,7,2,4,179,26,9,30,3/27/1988,3/22/2008,"265,017",88,0,3,0,0,0,0,56,171,19,8,1,4,3,1,,,,
22,23,7,5,1,179,26,9,30,3/27/1988,3/22/2008,"230,290",92,0,3,0,0,0,0,56,171,19,2,1,4,2,2,,,,
24,14,7,6,1,246,25,16,41,3/30/1977,3/25/1997,"239,554",97,0,1,0,1,0,0,67,170,23,8,2,4,2,1,,,,
24,28,7,3,1,246,25,16,41,3/30/1977,3/25/1997,"230,290",92,0,1,0,1,0,0,67,170,23,2,1,5,3,2,,,,
24,28,7,3,1,246,25,16,41,3/30/1977,3/25/1997,"230,290",92,0,1,0,1,0,0,67,170,23,2,2,4,2,2,,,,
26,15,7,2,1,300,26,13,43,3/31/1975,3/26/1995,"230,290",92,0,1,2,1,1,1,77,175,25,8,4,1,2,1,,,,
28,25,7,5,1,225,26,9,28,3/27/1990,3/22/2010,"230,290",92,0,1,1,0,0,2,69,169,24,4,1,4,2,2,,,,
28,9,7,3,1,225,26,9,28,3/27/1990,3/22/2010,"230,290",92,0,1,1,0,0,2,69,169,24,112,1,4,2,2,,,,
28,22,7,4,1,225,26,9,28,3/27/1990,3/22/2010,"264,604",93,0,1,1,0,0,2,69,169,24,8,1,3,2,2,,,,
30,25,7,2,1,157,27,6,29,3/27/1989,3/22/2009,"275,312",98,0,1,0,1,1,0,75,185,22,3,2,4,3,2,,,,
33,0,7,6,4,248,25,14,47,4/1/1971,3/27/1991,"265,017",88,1,1,2,0,0,1,86,165,32,0,4,4,4,1,,,,
34,5,7,6,1,118,10,10,37,3/29/1981,3/24/2001,"275,312",98,0,1,0,0,0,0,83,172,28,8,1,5,2,2,,,,
34,26,7,6,1,118,10,10,37,3/29/1981,3/24/2001,"275,312",98,0,1,0,0,0,0,83,172,28,4,1,3,3,2,,,,
34,7,7,2,4,118,10,10,37,3/29/1981,3/24/2001,"265,017",88,0,1,0,0,0,0,83,172,28,3,2,5,2,1,,,,
34,26,7,6,1,118,10,10,37,3/29/1981,3/24/2001,"230,290",92,0,1,0,0,0,0,83,172,28,8,2,5,3,2,,,,
34,28,7,3,1,118,10,10,37,3/29/1981,3/24/2001,"230,290",92,0,1,0,0,0,0,83,172,28,8,1,4,3,1,,,,
34,28,7,2,1,118,10,10,37,3/29/1981,3/24/2001,"264,604",93,0,1,0,0,0,0,83,172,28,4,2,4,3,1,,,,
34,23,7,4,1,118,10,10,37,3/29/1981,3/24/2001,"264,604",93,0,1,0,0,0,0,83,172,28,2,1,4,2,2,,,,
36,0,7,3,1,118,13,18,50,4/1/1968,3/27/1988,"239,554",97,1,1,1,1,0,0,98,178,31,0,2,5,3,2,,,,
36,1,7,4,1,118,13,18,50,4/1/1968,3/27/1988,"275,312",98,0,1,1,1,0,0,98,178,31,8,1,3,2,2,,,,
36,0,7,6,4,118,13,18,50,4/1/1968,3/27/1988,"265,017",88,1,1,1,1,0,0,98,178,31,0,1,3,3,1,,,,
36,23,7,6,1,118,13,18,50,4/1/1968,3/27/1988,"230,290",92,0,1,1,1,0,0,98,178,31,1,2,3,3,1,,,,
34,18,8,3,2,118,10,10,37,3/29/1981,3/24/2001,"244,387",98,0,1,0,0,0,0,83,172,28,8,2,4,3,2,,,,
36,23,8,6,3,118,13,18,50,4/1/1968,3/27/1988,"244,387",98,0,1,1,1,0,0,98,178,31,2,1,3,3,1,,,,
34,11,8,4,3,118,10,10,37,3/29/1981,3/24/2001,"239,409",98,0,1,0,0,0,0,83,172,28,2,2,4,3,2,,,,
34,10,8,2,3,118,10,10,37,3/29/1981,3/24/2001,"246,288",91,0,1,0,0,0,0,83,172,28,8,1,4,2,2,,,,
34,10,8,4,3,118,10,10,37,3/29/1981,3/24/2001,"246,288",91,0,1,0,0,0,0,83,172,28,2,2,5,3,1,,,,
36,23,8,5,3,118,13,18,50,4/1/1968,3/27/1988,"326,452",96,0,1,1,1,0,0,98,178,31,1,1,5,3,2,,,,
36,23,8,2,3,118,13,18,50,4/1/1968,3/27/1988,"239,409",98,0,1,1,1,0,0,98,178,31,1,2,4,3,2,,,,
36,13,8,4,3,118,13,18,50,4/1/1968,3/27/1988,"239,409",98,0,1,1,1,0,0,98,178,31,120,2,4,2,2,,,,
36,23,8,3,3,118,13,18,50,4/1/1968,3/27/1988,"246,288",91,0,1,1,1,0,0,98,178,31,3,2,4,3,1,,,,
36,14,8,5,3,118,13,18,50,4/1/1968,3/27/1988,"246,288",91,0,1,1,1,0,0,98,178,31,2,1,4,3,1,,,,
1,1,8,2,3,235,11,14,37,3/29/1981,3/24/2001,"246,074",99,0,3,1,0,0,1,88,172,29,8,2,3,2,1,,,,
1,22,8,2,3,235,11,14,37,3/29/1981,3/24/2001,"237,656",99,0,3,1,0,0,1,88,172,29,8,2,5,3,2,,,,
3,18,8,3,3,179,51,18,38,3/29/1980,3/24/2000,"378,884",92,0,1,0,1,0,0,89,170,31,8,1,4,3,1,,,,
3,12,8,3,3,179,51,18,38,3/29/1980,3/24/2000,"378,884",92,0,1,0,1,0,0,89,170,31,1,1,5,3,2,,,,
3,28,8,4,3,179,51,18,38,3/29/1980,3/24/2000,"246,074",99,0,1,0,1,0,0,89,170,31,4,1,3,3,1,,,,
5,13,8,2,3,235,20,13,43,3/31/1975,3/26/1995,"246,074",99,0,1,1,1,0,0,106,167,38,16,2,4,3,2,,,,
5,26,8,4,3,235,20,13,43,3/31/1975,3/26/1995,"237,656",99,0,1,1,1,0,0,106,167,38,8,1,4,3,1,,,,
7,0,8,4,3,279,5,14,39,3/30/1979,3/25/1999,"378,884",92,1,1,2,1,1,0,68,168,24,0,3,1,4,4,,,,
9,18,8,4,3,228,14,16,58,4/3/1960,3/29/1980,"246,074",99,0,1,2,0,0,1,65,172,22,8,3,4,3,3,,,,
10,23,8,5,3,361,52,3,28,3/27/1990,3/22/2010,"246,074",99,0,1,1,1,0,4,80,172,27,1,1,3,3,1,,,,
10,7,8,2,3,361,52,3,28,3/27/1990,3/22/2010,"237,656",99,0,1,1,1,0,4,80,172,27,8,2,5,2,1,,,,
11,13,8,4,3,289,36,13,33,3/28/1985,3/23/2005,"378,884",92,0,1,2,1,0,1,90,172,30,8,3,2,2,2,,,,
11,13,8,4,3,289,36,13,33,3/28/1985,3/23/2005,"378,884",92,0,1,2,1,0,1,90,172,30,24,1,3,3,4,,,,
13,10,8,2,3,369,17,12,31,3/28/1987,3/23/2007,"246,074",99,0,1,3,1,0,0,70,169,25,8,4,2,3,4,,,,
14,28,8,5,3,155,12,14,34,3/28/1984,3/23/2004,"378,884",92,0,1,2,1,0,0,95,196,25,2,3,3,4,3,,,,
14,28,8,2,3,155,12,14,34,3/28/1984,3/23/2004,"378,884",92,0,1,2,1,0,0,95,196,25,1,3,4,2,3,,,,
14,28,8,2,3,155,12,14,34,3/28/1984,3/23/2004,"378,884",92,0,1,2,1,0,0,95,196,25,2,3,5,3,4,,,,
14,10,8,2,3,155,12,14,34,3/28/1984,3/23/2004,"237,656",99,0,1,2,1,0,0,95,196,25,48,4,1,2,1,,,,
14,23,8,4,3,155,12,14,34,3/28/1984,3/23/2004,"237,656",99,0,1,2,1,0,0,95,196,25,2,2,2,4,5,,,,
14,10,8,6,3,155,12,14,34,3/28/1984,3/23/2004,"237,656",99,0,1,2,1,0,0,95,196,25,8,4,2,4,4,,,,
15,28,8,5,3,291,31,12,40,3/30/1978,3/25/1998,"237,656",99,0,1,1,1,0,1,73,171,25,2,2,4,2,2,,,,
15,22,8,4,3,291,31,12,40,3/30/1978,3/25/1998,"237,656",99,0,1,1,1,0,1,73,171,25,8,1,3,3,1,,,,
15,28,8,5,3,291,31,12,40,3/30/1978,3/25/1998,"237,656",99,0,1,1,1,0,1,73,171,25,2,2,5,3,1,,,,
17,11,8,2,3,179,22,17,40,3/30/1978,3/25/1998,"246,074",99,0,2,2,0,1,0,63,170,22,2,3,5,2,3,,,,
17,8,8,2,3,179,22,17,40,3/30/1978,3/25/1998,"246,074",99,0,2,2,0,1,0,63,170,22,3,4,3,1,3,,,,
17,16,8,6,3,179,22,17,40,3/30/1978,3/25/1998,"237,656",99,0,2,2,0,1,0,63,170,22,1,1,3,4,3,,,,
1,23,8,5,1,235,11,14,37,3/29/1981,3/24/2001,"205,917",92,0,3,1,0,0,1,88,172,29,4,2,4,3,1,,,,
1,23,8,3,1,235,11,14,37,3/29/1981,3/24/2001,"265,615",94,0,3,1,0,0,1,88,172,29,1,1,5,2,2,,,,
1,19,8,5,1,235,11,14,37,3/29/1981,3/24/2001,"265,615",94,0,3,1,0,0,1,88,172,29,8,2,5,2,1,,,,
1,23,8,3,1,235,11,14,37,3/29/1981,3/24/2001,"249,797",93,0,3,1,0,0,1,88,172,29,4,1,5,3,1,,,,
2,18,8,5,1,235,29,12,48,4/1/1970,3/27/1990,"205,917",92,0,1,1,0,1,5,88,163,33,8,2,4,3,1,,,,
2,18,8,2,1,235,29,12,48,4/1/1970,3/27/1990,"205,917",92,0,1,1,0,1,5,88,163,33,8,1,5,3,2,,,,
2,28,8,6,1,235,29,12,48,4/1/1970,3/27/1990,"205,917",92,0,1,1,0,1,5,88,163,33,8,2,4,3,1,,,,
3,11,8,2,1,179,51,18,38,3/29/1980,3/24/2000,"205,917",92,0,1,0,1,0,0,89,170,31,1,1,3,3,2,,,,
3,23,8,6,1,179,51,18,38,3/29/1980,3/24/2000,"205,917",92,0,1,0,1,0,0,89,170,31,2,2,4,3,2,,,,
3,18,8,2,1,179,51,18,38,3/29/1980,3/24/2000,"205,917",92,0,1,0,1,0,0,89,170,31,8,2,5,3,1,,,,
3,23,8,2,1,179,51,18,38,3/29/1980,3/24/2000,"205,917",92,0,1,0,1,0,0,89,170,31,2,2,3,2,1,,,,
3,23,8,3,1,179,51,18,38,3/29/1980,3/24/2000,"241,476",92,0,1,0,1,0,0,89,170,31,4,1,3,2,2,,,,
3,23,8,3,1,179,51,18,38,3/29/1980,3/24/2000,"241,476",92,0,1,0,1,0,0,89,170,31,3,2,3,3,2,,,,
3,25,8,5,1,179,51,18,38,3/29/1980,3/24/2000,"249,797",93,0,1,0,1,0,0,89,170,31,4,2,4,2,1,,,,
3,25,8,2,1,179,51,18,38,3/29/1980,3/24/2000,"249,797",93,0,1,0,1,0,0,89,170,31,4,1,4,3,2,,,,
5,19,8,3,1,235,20,13,43,3/31/1975,3/26/1995,"241,476",92,0,1,1,1,0,0,106,167,38,8,2,5,2,2,,,,
5,26,8,3,1,235,20,13,43,3/31/1975,3/26/1995,"249,797",93,0,1,1,1,0,0,106,167,38,8,2,4,3,2,,,,
9,18,8,3,1,228,14,16,58,4/3/1960,3/29/1980,"265,615",94,0,1,2,0,0,1,65,172,22,8,4,2,5,4,,,,
10,13,8,2,1,361,52,3,28,3/27/1990,3/22/2010,"205,917",92,0,1,1,1,0,4,80,172,27,40,1,3,2,1,,,,
10,25,8,2,1,361,52,3,28,3/27/1990,3/22/2010,"205,917",92,0,1,1,1,0,4,80,172,27,7,1,4,2,2,,,,
10,23,8,2,1,361,52,3,28,3/27/1990,3/22/2010,"205,917",92,0,1,1,1,0,4,80,172,27,1,1,4,3,2,,,,
10,8,8,3,1,361,52,3,28,3/27/1990,3/22/2010,"265,615",94,0,1,1,1,0,4,80,172,27,8,2,4,2,1,,,,
11,18,8,2,1,289,36,13,33,3/28/1985,3/23/2005,"205,917",92,0,1,2,1,0,1,90,172,30,8,4,2,2,2,,,,
11,23,8,3,1,289,36,13,33,3/28/1985,3/23/2005,"205,917",92,0,1,2,1,0,1,90,172,30,1,1,4,1,3,,,,
11,18,8,4,1,289,36,13,33,3/28/1985,3/23/2005,"205,917",92,0,1,2,1,0,1,90,172,30,8,3,4,5,2,,,,
11,24,8,3,1,289,36,13,33,3/28/1985,3/23/2005,"205,917",92,0,1,2,1,0,1,90,172,30,8,2,4,4,3,,,,
11,19,8,6,1,289,36,13,33,3/28/1985,3/23/2005,"265,615",94,0,1,2,1,0,1,90,172,30,8,3,3,4,3,,,,
11,23,8,2,1,289,36,13,33,3/28/1985,3/23/2005,"265,615",94,0,1,2,1,0,1,90,172,30,1,1,2,4,1,,,,
11,23,8,3,1,289,36,13,33,3/28/1985,3/23/2005,"265,615",94,0,1,2,1,0,1,90,172,30,4,2,3,1,3,,,,
11,26,8,3,1,289,36,13,33,3/28/1985,3/23/2005,"249,797",93,0,1,2,1,0,1,90,172,30,8,5,2,4,2,,,,
14,23,8,4,1,155,12,14,34,3/28/1984,3/23/2004,"241,476",92,0,1,2,1,0,0,95,196,25,2,2,1,2,2,,,,
15,23,8,5,1,291,31,12,40,3/30/1978,3/25/1998,"241,476",92,0,1,1,1,0,1,73,171,25,4,1,3,3,1,,,,
15,28,8,5,1,291,31,12,40,3/30/1978,3/25/1998,"249,797",93,0,1,1,1,0,1,73,171,25,4,2,4,2,2,,,,
15,28,8,5,1,291,31,12,40,3/30/1978,3/25/1998,"249,797",93,0,1,1,1,0,1,73,171,25,2,2,4,2,1,,,,
17,25,8,2,1,179,22,17,40,3/30/1978,3/25/1998,"249,797",93,0,2,2,0,1,0,63,170,22,1,5,4,3,2,,,,
17,25,8,3,1,179,22,17,40,3/30/1978,3/25/1998,"249,797",93,0,2,2,0,1,0,63,170,22,8,4,1,3,3,,,,
18,10,8,4,1,330,16,4,28,3/27/1990,3/22/2010,"205,917",92,0,2,0,0,0,0,84,182,25,8,2,4,3,1,,,,
18,23,8,5,1,330,16,4,28,3/27/1990,3/22/2010,"249,797",93,0,2,0,0,0,0,84,182,25,16,1,4,2,2,,,,
19,11,8,5,1,291,50,12,32,3/28/1986,3/23/2006,"205,917",92,0,1,0,1,0,0,65,169,23,4,1,4,2,1,,,,
20,28,8,6,1,260,50,11,36,3/29/1982,3/24/2002,"205,917",92,0,1,4,1,0,0,65,168,23,4,4,1,4,5,,,,
20,23,8,6,1,260,50,11,36,3/29/1982,3/24/2002,"205,917",92,0,1,4,1,0,0,65,168,23,4,4,2,4,5,,,,
20,28,8,6,1,260,50,11,36,3/29/1982,3/24/2002,"265,615",94,0,1,4,1,0,0,65,168,23,4,5,1,4,5,,,,
20,28,8,2,1,260,50,11,36,3/29/1982,3/24/2002,"249,797",93,0,1,4,1,0,0,65,168,23,3,5,1,3,4,,,,
21,11,8,5,1,268,11,8,33,3/28/1985,3/23/2005,"265,615",94,0,2,0,0,0,0,79,178,25,8,2,3,2,1,,,,
22,23,8,5,1,179,26,9,30,3/27/1988,3/22/2008,"265,615",94,0,3,0,0,0,0,56,171,19,1,1,3,3,2,,,,
24,28,8,3,1,246,25,16,41,3/30/1977,3/25/1997,"249,797",93,0,1,0,1,0,0,67,170,23,4,1,5,2,1,,,,
24,28,8,3,1,246,25,16,41,3/30/1977,3/25/1997,"249,797",93,0,1,0,1,0,0,67,170,23,1,2,5,3,1,,,,
26,13,8,5,1,300,26,13,43,3/31/1975,3/26/1995,"265,615",94,0,1,2,1,1,1,77,175,25,1,3,3,4,3,,,,
26,14,8,5,1,300,26,13,43,3/31/1975,3/26/1995,"265,615",94,0,1,2,1,1,1,77,175,25,2,1,1,2,3,,,,
27,23,8,3,1,184,42,7,27,3/27/1991,3/22/2011,"241,476",92,0,1,0,0,0,0,58,167,21,2,1,3,2,1,,,,
27,6,8,4,1,184,42,7,27,3/27/1991,3/22/2011,"265,615",94,0,1,0,0,0,0,58,167,21,8,2,3,2,1,,,,
30,28,8,4,1,157,27,6,29,3/27/1989,3/22/2009,"205,917",92,0,1,0,1,1,0,75,185,22,4,1,4,2,1,,,,
30,19,8,6,1,157,27,6,29,3/27/1989,3/22/2009,"265,615",94,0,1,0,1,1,0,75,185,22,3,2,5,2,1,,,,
33,23,8,4,1,248,25,14,47,4/1/1971,3/27/1991,"205,917",92,0,1,2,0,0,1,86,165,32,2,1,5,4,3,,,,
33,23,8,4,1,248,25,14,47,4/1/1971,3/27/1991,"265,615",94,0,1,2,0,0,1,86,165,32,1,1,2,4,3,,,,
33,25,8,2,1,248,25,14,47,4/1/1971,3/27/1991,"265,615",94,0,1,2,0,0,1,86,165,32,2,4,4,1,3,,,,
34,23,8,2,1,118,10,10,37,3/29/1981,3/24/2001,"241,476",92,0,1,0,0,0,0,83,172,28,4,1,4,3,2,,,,
34,23,8,2,1,118,10,10,37,3/29/1981,3/24/2001,"241,476",92,0,1,0,0,0,0,83,172,28,3,1,4,3,1,,,,
34,28,8,3,1,118,10,10,37,3/29/1981,3/24/2001,"249,797",93,0,1,0,0,0,0,83,172,28,4,2,4,2,1,,,,
34,28,8,3,1,118,10,10,37,3/29/1981,3/24/2001,"249,797",93,0,1,0,0,0,0,83,172,28,5,1,3,2,2,,,,
36,13,8,5,1,118,13,18,50,4/1/1968,3/27/1988,"265,615",94,0,1,1,1,0,0,98,178,31,3,2,3,3,2,,,,
36,23,8,5,1,118,13,18,50,4/1/1968,3/27/1988,"265,615",94,0,1,1,1,0,0,98,178,31,1,1,3,2,1,,,,
3,23,9,4,4,179,51,18,38,3/29/1980,3/24/2000,"241,476",92,0,1,0,1,0,0,89,170,31,3,2,4,3,1,,,,
3,23,9,6,4,179,51,18,38,3/29/1980,3/24/2000,"241,476",92,0,1,0,1,0,0,89,170,31,3,1,4,2,1,,,,
3,11,9,2,1,179,51,18,38,3/29/1980,3/24/2000,"294,217",81,0,1,0,1,0,0,89,170,31,8,2,5,3,2,,,,
3,23,9,6,1,179,51,18,38,3/29/1980,3/24/2000,"294,217",81,0,1,0,1,0,0,89,170,31,3,2,4,3,2,,,,
3,13,9,4,1,179,51,18,38,3/29/1980,3/24/2000,"294,217",81,0,1,0,1,0,0,89,170,31,8,1,3,2,1,,,,
3,23,9,5,1,179,51,18,38,3/29/1980,3/24/2000,"294,217",81,0,1,0,1,0,0,89,170,31,1,2,4,2,2,,,,
3,13,9,2,4,179,51,18,38,3/29/1980,3/24/2000,"294,217",81,0,1,0,1,0,0,89,170,31,8,2,3,2,1,,,,
3,23,9,2,1,179,51,18,38,3/29/1980,3/24/2000,"261,756",87,0,1,0,1,0,0,89,170,31,4,2,4,2,1,,,,
5,0,9,5,1,235,20,13,43,3/31/1975,3/26/1995,"294,217",81,1,1,1,1,0,0,106,167,38,0,2,5,2,1,,,,
5,26,9,4,4,235,20,13,43,3/31/1975,3/26/1995,"294,217",81,0,1,1,1,0,0,106,167,38,8,1,5,2,1,,,,
5,0,9,5,4,235,20,13,43,3/31/1975,3/26/1995,"294,217",81,1,1,1,1,0,0,106,167,38,0,2,4,2,2,,,,
8,0,9,3,1,231,35,14,39,3/30/1979,3/25/1999,"294,217",81,1,1,2,1,0,2,100,170,35,0,4,5,4,2,,,,
10,22,9,3,4,361,52,3,28,3/27/1990,3/22/2010,"261,756",87,0,1,1,1,0,4,80,172,27,8,2,3,3,1,,,,
11,0,9,3,4,289,36,13,33,3/28/1985,3/23/2005,"241,476",92,1,1,2,1,0,1,90,172,30,0,1,2,4,3,,,,
11,19,9,4,1,289,36,13,33,3/28/1985,3/23/2005,"294,217",81,0,1,2,1,0,1,90,172,30,24,5,2,2,4,,,,
13,0,9,4,4,369,17,12,31,3/28/1987,3/23/2007,"241,476",92,1,1,3,1,0,0,70,169,25,0,5,2,3,5,,,,
13,23,9,3,4,369,17,12,31,3/28/1987,3/23/2007,"261,756",87,0,1,3,1,0,0,70,169,25,8,4,2,4,4,,,,
14,23,9,3,1,155,12,14,34,3/28/1984,3/23/2004,"261,756",87,0,1,2,1,0,0,95,196,25,2,4,4,4,2,,,,
15,14,9,2,4,291,31,12,40,3/30/1978,3/25/1998,"241,476",92,0,1,1,1,0,1,73,171,25,32,2,3,3,1,,,,
15,28,9,3,1,291,31,12,40,3/30/1978,3/25/1998,"294,217",81,0,1,1,1,0,1,73,171,25,3,2,4,2,1,,,,
15,28,9,6,1,291,31,12,40,3/30/1978,3/25/1998,"294,217",81,0,1,1,1,0,1,73,171,25,4,2,4,2,1,,,,
15,28,9,6,4,291,31,12,40,3/30/1978,3/25/1998,"294,217",81,0,1,1,1,0,1,73,171,25,3,2,5,2,1,,,,
15,7,9,2,4,291,31,12,40,3/30/1978,3/25/1998,"294,217",81,0,1,1,1,0,1,73,171,25,40,2,4,3,1,,,,
15,28,9,5,1,291,31,12,40,3/30/1978,3/25/1998,"261,756",87,0,1,1,1,0,1,73,171,25,2,1,4,3,2,,,,
19,0,9,3,1,291,50,12,32,3/28/1986,3/23/2006,"294,217",81,1,1,0,1,0,0,65,169,23,0,1,4,2,1,,,,
20,22,9,6,1,260,50,11,36,3/29/1982,3/24/2002,"241,476",92,0,1,4,1,0,0,65,168,23,8,4,2,4,5,,,,
20,0,9,2,4,260,50,11,36,3/29/1982,3/24/2002,"241,476",92,1,1,4,1,0,0,65,168,23,0,5,2,3,5,,,,
20,23,9,6,4,260,50,11,36,3/29/1982,3/24/2002,"241,476",92,0,1,4,1,0,0,65,168,23,4,4,1,3,5,,,,
20,28,9,6,1,260,50,11,36,3/29/1982,3/24/2002,"294,217",81,0,1,4,1,0,0,65,168,23,4,5,1,3,5,,,,
22,23,9,6,1,179,26,9,30,3/27/1988,3/22/2008,"261,756",87,0,3,0,0,0,0,56,171,19,8,2,4,3,2,,,,
22,23,9,2,1,179,26,9,30,3/27/1988,3/22/2008,"261,756",87,0,3,0,0,0,0,56,171,19,2,1,4,3,2,,,,
24,9,9,2,1,246,25,16,41,3/30/1977,3/25/1997,"294,217",81,0,1,0,1,0,0,67,170,23,16,2,3,2,1,,,,
24,9,9,4,1,246,25,16,41,3/30/1977,3/25/1997,"294,217",81,0,1,0,1,0,0,67,170,23,32,1,5,3,1,,,,
24,28,9,3,1,246,25,16,41,3/30/1977,3/25/1997,"261,756",87,0,1,0,1,0,0,67,170,23,1,2,4,3,2,,,,
24,28,9,3,1,246,25,16,41,3/30/1977,3/25/1997,"261,756",87,0,1,0,1,0,0,67,170,23,1,2,4,2,2,,,,
28,23,9,3,4,225,26,9,28,3/27/1990,3/22/2010,"241,476",92,0,1,1,0,0,2,69,169,24,2,2,3,3,2,,,,
28,18,9,4,4,225,26,9,28,3/27/1990,3/22/2010,"241,476",92,0,1,1,0,0,2,69,169,24,3,1,3,2,2,,,,
28,23,9,4,1,225,26,9,28,3/27/1990,3/22/2010,"261,756",87,0,1,1,0,0,2,69,169,24,1,2,5,3,1,,,,
29,0,9,2,4,225,26,9,28,3/27/1990,3/22/2010,"241,476",92,1,1,1,0,0,2,69,169,24,0,2,4,3,1,,,,
33,23,9,6,4,248,25,14,47,4/1/1971,3/27/1991,"241,476",92,0,1,2,0,0,1,86,165,32,1,4,1,1,1,,,,
33,23,9,6,1,248,25,14,47,4/1/1971,3/27/1991,"261,756",87,0,1,2,0,0,1,86,165,32,1,3,3,3,3,,,,
34,23,9,3,4,118,10,10,37,3/29/1981,3/24/2001,"241,476",92,0,1,0,0,0,0,83,172,28,2,1,4,2,1,,,,
34,28,9,3,1,118,10,10,37,3/29/1981,3/24/2001,"261,756",87,0,1,0,0,0,0,83,172,28,3,1,4,2,2,,,,
36,0,9,3,4,118,13,18,50,4/1/1968,3/27/1988,"241,476",92,1,1,1,1,0,0,98,178,31,0,1,5,3,2,,,,
36,28,9,5,4,118,13,18,50,4/1/1968,3/27/1988,"294,217",81,0,1,1,1,0,0,98,178,31,1,2,3,3,1,,,,
3,23,10,3,4,179,51,18,38,3/29/1980,3/24/2000,"253,465",93,0,1,0,1,0,0,89,170,31,3,1,3,3,2,,,,
3,23,10,6,4,179,51,18,38,3/29/1980,3/24/2000,"253,465",93,0,1,0,1,0,0,89,170,31,3,2,3,2,2,,,,
3,23,10,4,4,179,51,18,38,3/29/1980,3/24/2000,"253,465",93,0,1,0,1,0,0,89,170,31,8,2,3,3,1,,,,
3,28,10,4,4,179,51,18,38,3/29/1980,3/24/2000,"284,853",91,0,1,0,1,0,0,89,170,31,3,2,5,2,1,,,,
5,0,10,4,4,235,20,13,43,3/31/1975,3/26/1995,"265,017",88,1,1,1,1,0,0,106,167,38,0,1,3,3,2,,,,
5,0,10,6,4,235,20,13,43,3/31/1975,3/26/1995,"265,017",88,1,1,1,1,0,0,106,167,38,0,2,4,3,2,,,,
5,23,10,2,4,235,20,13,43,3/31/1975,3/26/1995,"265,017",88,0,1,1,1,0,0,106,167,38,2,1,5,3,1,,,,
5,23,10,2,4,235,20,13,43,3/31/1975,3/26/1995,"265,017",88,0,1,1,1,0,0,106,167,38,2,2,4,3,2,,,,
6,23,10,2,4,189,29,13,33,3/28/1985,3/23/2005,"284,853",91,0,1,2,0,0,2,69,167,25,8,4,2,4,2,,,,
9,1,10,4,4,228,14,16,58,4/3/1960,3/29/1980,"284,853",91,0,1,2,0,0,1,65,172,22,1,2,4,5,3,,,,
10,23,10,6,4,361,52,3,28,3/27/1990,3/22/2010,"253,465",93,0,1,1,1,0,4,80,172,27,1,1,4,3,2,,,,
10,10,10,2,4,361,52,3,28,3/27/1990,3/22/2010,"265,017",88,0,1,1,1,0,4,80,172,27,8,2,5,2,1,,,,
11,26,10,4,4,289,36,13,33,3/28/1985,3/23/2005,"253,465",93,0,1,2,1,0,1,90,172,30,8,2,4,5,5,,,,
11,19,10,5,4,289,36,13,33,3/28/1985,3/23/2005,"265,017",88,0,1,2,1,0,1,90,172,30,16,2,5,3,4,,,,
13,23,10,3,4,369,17,12,31,3/28/1987,3/23/2007,"284,853",91,0,1,3,1,0,0,70,169,25,8,4,1,4,4,,,,
13,23,10,3,4,369,17,12,31,3/28/1987,3/23/2007,"284,853",91,0,1,3,1,0,0,70,169,25,3,4,2,3,4,,,,
13,26,10,3,4,369,17,12,31,3/28/1987,3/23/2007,"284,853",91,0,1,3,1,0,0,70,169,25,8,5,1,3,5,,,,
13,10,10,5,4,369,17,12,31,3/28/1987,3/23/2007,"284,853",91,0,1,3,1,0,0,70,169,25,8,4,2,3,5,,,,
13,10,10,6,4,369,17,12,31,3/28/1987,3/23/2007,"284,853",91,0,1,3,1,0,0,70,169,25,8,4,1,4,5,,,,
15,23,10,5,4,291,31,12,40,3/30/1978,3/25/1998,"253,465",93,0,1,1,1,0,1,73,171,25,5,1,4,2,1,,,,
15,14,10,3,4,291,31,12,40,3/30/1978,3/25/1998,"253,465",93,0,1,1,1,0,1,73,171,25,8,2,4,3,1,,,,
15,28,10,3,4,291,31,12,40,3/30/1978,3/25/1998,"265,017",88,0,1,1,1,0,1,73,171,25,4,1,3,3,1,,,,
15,0,10,3,4,291,31,12,40,3/30/1978,3/25/1998,"265,017",88,1,1,1,1,0,1,73,171,25,0,2,3,2,2,,,,
15,28,10,4,4,291,31,12,40,3/30/1978,3/25/1998,"284,853",91,0,1,1,1,0,1,73,171,25,2,2,4,3,1,,,,
15,23,10,6,4,291,31,12,40,3/30/1978,3/25/1998,"284,853",91,0,1,1,1,0,1,73,171,25,1,2,4,3,2,,,,
15,23,10,4,4,291,31,12,40,3/30/1978,3/25/1998,"284,853",91,0,1,1,1,0,1,73,171,25,1,1,5,3,2,,,,
20,19,10,5,4,260,50,11,36,3/29/1982,3/24/2002,"253,465",93,0,1,4,1,0,0,65,168,23,16,5,2,3,4,,,,
20,28,10,6,4,260,50,11,36,3/29/1982,3/24/2002,"253,465",93,0,1,4,1,0,0,65,168,23,3,4,2,3,5,,,,
20,28,10,6,4,260,50,11,36,3/29/1982,3/24/2002,"265,017",88,0,1,4,1,0,0,65,168,23,3,4,1,3,5,,,,
20,0,10,3,4,260,50,11,36,3/29/1982,3/24/2002,"265,017",88,1,1,4,1,0,0,65,168,23,0,5,1,4,5,,,,
22,23,10,5,4,179,26,9,30,3/27/1988,3/22/2008,"253,465",93,0,3,0,0,0,0,56,171,19,1,2,4,2,1,,,,
22,1,10,4,4,179,26,9,30,3/27/1988,3/22/2008,"265,017",88,0,3,0,0,0,0,56,171,19,64,2,4,2,2,,,,
22,23,10,5,4,179,26,9,30,3/27/1988,3/22/2008,"265,017",88,0,3,0,0,0,0,56,171,19,16,1,5,3,2,,,,
22,1,10,4,4,179,26,9,30,3/27/1988,3/22/2008,"265,017",88,0,3,0,0,0,0,56,171,19,5,1,5,2,1,,,,
22,7,10,4,4,179,26,9,30,3/27/1988,3/22/2008,"265,017",88,0,3,0,0,0,0,56,171,19,5,2,3,3,2,,,,
24,26,10,6,4,246,25,16,41,3/30/1977,3/25/1997,"284,853",91,0,1,0,1,0,0,67,170,23,8,2,4,2,1,,,,
25,11,10,5,4,235,16,8,32,3/28/1986,3/23/2006,"284,853",91,0,3,0,0,0,0,75,178,25,3,2,3,2,1,,,,
25,6,10,2,4,235,16,8,32,3/28/1986,3/23/2006,"284,853",91,0,3,0,0,0,0,75,178,25,8,1,4,3,1,,,,
28,23,10,6,4,225,26,9,28,3/27/1990,3/22/2010,"253,465",93,0,1,1,0,0,2,69,169,24,3,2,4,2,2,,,,
28,23,10,4,4,225,26,9,28,3/27/1990,3/22/2010,"253,465",93,0,1,1,0,0,2,69,169,24,2,2,4,3,2,,,,
28,23,10,4,4,225,26,9,28,3/27/1990,3/22/2010,"253,465",93,0,1,1,0,0,2,69,169,24,3,1,4,3,2,,,,
28,28,10,3,4,225,26,9,28,3/27/1990,3/22/2010,"253,465",93,0,1,1,0,0,2,69,169,24,2,1,5,2,1,,,,
28,23,10,3,4,225,26,9,28,3/27/1990,3/22/2010,"284,853",91,0,1,1,0,0,2,69,169,24,2,1,5,3,1,,,,
28,23,10,3,4,225,26,9,28,3/27/1990,3/22/2010,"284,853",91,0,1,1,0,0,2,69,169,24,4,1,5,3,1,,,,
28,13,10,5,4,225,26,9,28,3/27/1990,3/22/2010,"284,853",91,0,1,1,0,0,2,69,169,24,1,2,4,3,2,,,,
28,10,10,6,4,225,26,9,28,3/27/1990,3/22/2010,"284,853",91,0,1,1,0,0,2,69,169,24,3,1,3,3,1,,,,
28,0,10,2,4,225,26,9,28,3/27/1990,3/22/2010,"284,853",91,1,1,1,0,0,2,69,169,24,0,1,3,3,2,,,,
28,13,10,3,4,225,26,9,28,3/27/1990,3/22/2010,"284,853",91,0,1,1,0,0,2,69,169,24,3,1,5,2,1,,,,
30,0,10,3,4,157,27,6,29,3/27/1989,3/22/2009,"265,017",88,1,1,0,1,1,0,75,185,22,0,1,5,2,2,,,,
32,4,10,5,4,289,48,29,49,4/1/1969,3/27/1989,"284,853",91,0,1,0,0,0,2,108,172,36,1,1,4,2,2,,,,
32,14,10,4,4,289,48,29,49,4/1/1969,3/27/1989,"284,853",91,0,1,0,0,0,2,108,172,36,3,1,3,2,2,,,,
32,23,10,5,4,289,48,29,49,4/1/1969,3/27/1989,"284,853",91,0,1,0,0,0,2,108,172,36,2,2,5,3,2,,,,
33,23,10,4,4,248,25,14,47,4/1/1971,3/27/1991,"253,465",93,0,1,2,0,0,1,86,165,32,2,1,4,4,4,,,,
33,10,10,2,4,248,25,14,47,4/1/1971,3/27/1991,"284,853",91,0,1,2,0,0,1,86,165,32,8,2,3,2,3,,,,
34,23,10,3,4,118,10,10,37,3/29/1981,3/24/2001,"253,465",93,0,1,0,0,0,0,83,172,28,3,1,4,3,2,,,,
34,23,10,3,4,118,10,10,37,3/29/1981,3/24/2001,"253,465",93,0,1,0,0,0,0,83,172,28,3,1,4,3,2,,,,
34,23,10,3,4,118,10,10,37,3/29/1981,3/24/2001,"284,853",91,0,1,0,0,0,0,83,172,28,2,2,5,2,2,,,,
36,0,10,4,4,118,13,18,50,4/1/1968,3/27/1988,"253,465",93,1,1,1,1,0,0,98,178,31,0,1,5,3,2,,,,
36,28,10,3,4,118,13,18,50,4/1/1968,3/27/1988,"265,017",88,0,1,1,1,0,0,98,178,31,1,1,3,3,1,,,,
36,28,10,5,4,118,13,18,50,4/1/1968,3/27/1988,"265,017",88,0,1,1,1,0,0,98,178,31,1,1,3,3,2,,,,
36,23,10,5,4,118,13,18,50,4/1/1968,3/27/1988,"265,017",88,0,1,1,1,0,0,98,178,31,1,2,4,2,1,,,,
1,18,11,4,4,235,11,14,37,3/29/1981,3/24/2001,"284,031",97,0,3,1,0,0,1,88,172,29,1,2,5,3,1,,,,
1,25,11,5,4,235,11,14,37,3/29/1981,3/24/2001,"284,031",97,0,3,1,0,0,1,88,172,29,2,1,4,3,2,,,,
3,23,11,5,4,179,51,18,38,3/29/1980,3/24/2000,"306,345",93,0,1,0,1,0,0,89,170,31,1,1,4,3,1,,,,
3,13,11,5,4,179,51,18,38,3/29/1980,3/24/2000,"306,345",93,0,1,0,1,0,0,89,170,31,8,2,5,2,2,,,,
3,6,11,3,4,179,51,18,38,3/29/1980,3/24/2000,"284,031",97,0,1,0,1,0,0,89,170,31,8,1,5,3,2,,,,
3,28,11,5,4,179,51,18,38,3/29/1980,3/24/2000,"284,031",97,0,1,0,1,0,0,89,170,31,3,1,4,2,2,,,,
3,28,11,3,4,179,51,18,38,3/29/1980,3/24/2000,"284,031",97,0,1,0,1,0,0,89,170,31,1,1,4,2,1,,,,
3,23,11,5,4,179,51,18,38,3/29/1980,3/24/2000,"284,031",97,0,1,0,1,0,0,89,170,31,1,1,4,2,1,,,,
3,21,11,3,4,179,51,18,38,3/29/1980,3/24/2000,"268,519",93,0,1,0,1,0,0,89,170,31,1,2,4,2,2,,,,
3,28,11,6,4,179,51,18,38,3/29/1980,3/24/2000,"268,519",93,0,1,0,1,0,0,89,170,31,1,1,4,2,1,,,,
3,28,11,2,4,179,51,18,38,3/29/1980,3/24/2000,"268,519",93,0,1,0,1,0,0,89,170,31,1,2,4,3,2,,,,
5,26,11,2,4,235,20,13,43,3/31/1975,3/26/1995,"284,031",97,0,1,1,1,0,0,106,167,38,8,1,4,3,2,,,,
5,0,11,5,4,235,20,13,43,3/31/1975,3/26/1995,"268,519",93,1,1,1,1,0,0,106,167,38,0,2,5,3,1,,,,
6,22,11,2,4,189,29,13,33,3/28/1985,3/23/2005,"306,345",93,0,1,2,0,0,2,69,167,25,8,3,5,1,4,,,,
7,0,11,3,4,279,5,14,39,3/30/1979,3/25/1999,"284,031",97,1,1,2,1,1,0,68,168,24,0,4,4,3,2,,,,
10,22,11,3,4,361,52,3,28,3/27/1990,3/22/2010,"268,519",93,0,1,1,1,0,4,80,172,27,8,1,3,3,1,,,,
10,28,11,2,4,361,52,3,28,3/27/1990,3/22/2010,"268,519",93,0,1,1,1,0,4,80,172,27,2,1,5,2,2,,,,
11,24,11,4,4,289,36,13,33,3/28/1985,3/23/2005,"268,519",93,0,1,2,1,0,1,90,172,30,8,2,1,5,4,,,,
11,0,11,4,4,289,36,13,33,3/28/1985,3/23/2005,"268,519",93,1,1,2,1,0,1,90,172,30,0,4,1,3,3,,,,
13,26,11,6,4,369,17,12,31,3/28/1987,3/23/2007,"268,519",93,0,1,3,1,0,0,70,169,25,8,4,1,4,5,,,,
14,10,11,2,4,155,12,14,34,3/28/1984,3/23/2004,"306,345",93,0,1,2,1,0,0,95,196,25,32,5,3,2,5,,,,
14,11,11,2,4,155,12,14,34,3/28/1984,3/23/2004,"284,031",97,0,1,2,1,0,0,95,196,25,120,2,3,2,1,,,,
15,23,11,5,4,291,31,12,40,3/30/1978,3/25/1998,"306,345",93,0,1,1,1,0,1,73,171,25,5,1,4,3,1,,,,
15,14,11,2,4,291,31,12,40,3/30/1978,3/25/1998,"306,345",93,0,1,1,1,0,1,73,171,25,40,2,3,2,1,,,,
15,23,11,2,4,291,31,12,40,3/30/1978,3/25/1998,"284,031",97,0,1,1,1,0,1,73,171,25,1,1,5,3,2,,,,
15,12,11,6,4,291,31,12,40,3/30/1978,3/25/1998,"284,031",97,0,1,1,1,0,1,73,171,25,4,1,5,2,2,,,,
15,28,11,4,4,291,31,12,40,3/30/1978,3/25/1998,"268,519",93,0,1,1,1,0,1,73,171,25,2,2,4,2,1,,,,
15,0,11,3,4,291,31,12,40,3/30/1978,3/25/1998,"268,519",93,1,1,1,1,0,1,73,171,25,0,1,4,2,2,,,,
17,21,11,5,4,179,22,17,40,3/30/1978,3/25/1998,"306,345",93,0,2,2,0,1,0,63,170,22,8,5,2,1,4,,,,
18,0,11,3,4,330,16,4,28,3/27/1990,3/22/2010,"284,031",97,1,2,0,0,0,0,84,182,25,0,2,4,3,2,,,,
18,2,11,4,4,330,16,4,28,3/27/1990,3/22/2010,"268,519",93,0,2,0,0,0,0,84,182,25,24,1,3,3,2,,,,
20,28,11,6,4,260,50,11,36,3/29/1982,3/24/2002,"284,031",97,0,1,4,1,0,0,65,168,23,3,5,1,3,5,,,,
20,10,11,4,4,260,50,11,36,3/29/1982,3/24/2002,"284,031",97,0,1,4,1,0,0,65,168,23,8,4,2,4,5,,,,
20,15,11,6,4,260,50,11,36,3/29/1982,3/24/2002,"284,031",97,0,1,4,1,0,0,65,168,23,8,5,1,4,5,,,,
23,1,11,2,4,378,49,11,36,3/29/1982,3/24/2002,"284,031",97,0,1,2,0,1,4,65,174,21,8,1,3,5,1,,,,
23,0,11,6,4,378,49,11,36,3/29/1982,3/24/2002,"284,031",97,1,1,2,0,1,4,65,174,21,0,2,3,2,3,,,,
24,13,11,6,4,246,25,16,41,3/30/1977,3/25/1997,"284,031",97,0,1,0,1,0,0,67,170,23,8,1,4,3,1,,,,
24,13,11,2,4,246,25,16,41,3/30/1977,3/25/1997,"284,031",97,0,1,0,1,0,0,67,170,23,8,2,3,2,2,,,,
25,1,11,6,4,235,16,8,32,3/28/1986,3/23/2006,"268,519",93,0,3,0,0,0,0,75,178,25,8,1,4,3,2,,,,
28,23,11,4,4,225,26,9,28,3/27/1990,3/22/2010,"306,345",93,0,1,1,0,0,2,69,169,24,1,1,5,2,2,,,,
28,23,11,6,4,225,26,9,28,3/27/1990,3/22/2010,"268,519",93,0,1,1,0,0,2,69,169,24,4,2,5,3,2,,,,
28,14,11,5,4,225,26,9,28,3/27/1990,3/22/2010,"268,519",93,0,1,1,0,0,2,69,169,24,3,2,3,2,2,,,,
28,23,11,3,4,225,26,9,28,3/27/1990,3/22/2010,"268,519",93,0,1,1,0,0,2,69,169,24,2,2,4,2,2,,,,
28,23,11,6,4,225,26,9,28,3/27/1990,3/22/2010,"268,519",93,0,1,1,0,0,2,69,169,24,2,1,4,3,1,,,,
33,23,11,2,4,248,25,14,47,4/1/1971,3/27/1991,"284,031",97,0,1,2,0,0,1,86,165,32,2,4,4,2,3,,,,
33,14,11,5,4,248,25,14,47,4/1/1971,3/27/1991,"268,519",93,0,1,2,0,0,1,86,165,32,4,2,3,2,2,,,,
34,11,11,2,4,118,10,10,37,3/29/1981,3/24/2001,"284,031",97,0,1,0,0,0,0,83,172,28,8,1,3,3,2,,,,
34,11,11,4,4,118,10,10,37,3/29/1981,3/24/2001,"284,031",97,0,1,0,0,0,0,83,172,28,3,2,4,2,2,,,,
34,28,11,4,4,118,10,10,37,3/29/1981,3/24/2001,"268,519",93,0,1,0,0,0,0,83,172,28,3,2,4,3,2,,,,
34,9,11,3,4,118,10,10,37,3/29/1981,3/24/2001,"268,519",93,0,1,0,0,0,0,83,172,28,8,2,5,3,1,,,,
34,13,11,5,4,118,10,10,37,3/29/1981,3/24/2001,"268,519",93,0,1,0,0,0,0,83,172,28,2,2,3,2,2,,,,
34,23,11,2,4,118,10,10,37,3/29/1981,3/24/2001,"268,519",93,0,1,0,0,0,0,83,172,28,8,2,3,3,2,,,,
34,8,11,3,4,118,10,10,37,3/29/1981,3/24/2001,"268,519",93,0,1,0,0,0,0,83,172,28,8,2,3,2,1,,,,
1,13,12,3,2,235,11,14,37,3/29/1981,3/24/2001,"330,061",100,0,3,1,0,0,1,88,172,29,1,2,5,2,1,,,,
3,28,12,4,2,179,51,18,38,3/29/1980,3/24/2000,"330,061",100,0,1,0,1,0,0,89,170,31,1,1,3,3,1,,,,
3,28,12,6,2,179,51,18,38,3/29/1980,3/24/2000,"330,061",100,0,1,0,1,0,0,89,170,31,1,1,4,2,1,,,,
3,27,12,4,2,179,51,18,38,3/29/1980,3/24/2000,"313,532",96,0,1,0,1,0,0,89,170,31,3,2,4,2,1,,,,
3,27,12,5,2,179,51,18,38,3/29/1980,3/24/2000,"313,532",96,0,1,0,1,0,0,89,170,31,3,2,3,2,2,,,,
3,27,12,6,2,179,51,18,38,3/29/1980,3/24/2000,"313,532",96,0,1,0,1,0,0,89,170,31,2,1,4,2,2,,,,
5,26,12,2,2,235,20,13,43,3/31/1975,3/26/1995,"330,061",100,0,1,1,1,0,0,106,167,38,8,2,3,3,2,,,,
11,18,12,3,2,289,36,13,33,3/28/1985,3/23/2005,"308,593",95,0,1,2,1,0,1,90,172,30,8,2,4,3,2,,,,
11,22,12,5,2,289,36,13,33,3/28/1985,3/23/2005,"308,593",95,0,1,2,1,0,1,90,172,30,3,2,1,3,2,,,,
11,26,12,2,2,289,36,13,33,3/28/1985,3/23/2005,"330,061",100,0,1,2,1,0,1,90,172,30,8,3,5,4,4,,,,
11,13,12,4,2,289,36,13,33,3/28/1985,3/23/2005,"313,532",96,0,1,2,1,0,1,90,172,30,8,4,5,5,4,,,,
14,18,12,3,2,155,12,14,34,3/28/1984,3/23/2004,"308,593",95,0,1,2,1,0,0,95,196,25,8,5,3,4,3,,,,
14,23,12,2,2,155,12,14,34,3/28/1984,3/23/2004,"330,061",100,0,1,2,1,0,0,95,196,25,2,2,3,2,4,,,,
14,23,12,3,2,155,12,14,34,3/28/1984,3/23/2004,"330,061",100,0,1,2,1,0,0,95,196,25,4,1,4,4,3,,,,
14,18,12,3,2,155,12,14,34,3/28/1984,3/23/2004,"313,532",96,0,1,2,1,0,0,95,196,25,8,2,1,4,3,,,,
15,3,12,4,2,291,31,12,40,3/30/1978,3/25/1998,"330,061",100,0,1,1,1,0,1,73,171,25,8,2,3,2,1,,,,
17,25,12,5,2,179,22,17,40,3/30/1978,3/25/1998,"313,532",96,0,2,2,0,1,0,63,170,22,2,1,3,3,3,,,,
17,25,12,6,2,179,22,17,40,3/30/1978,3/25/1998,"313,532",96,0,2,2,0,1,0,63,170,22,2,5,4,3,5,,,,
17,25,12,4,2,179,22,17,40,3/30/1978,3/25/1998,"313,532",96,0,2,2,0,1,0,63,170,22,2,4,1,2,3,,,,
17,18,12,6,2,179,22,17,40,3/30/1978,3/25/1998,"313,532",96,0,2,2,0,1,0,63,170,22,3,4,2,4,1,,,,
22,18,12,3,2,179,26,9,30,3/27/1988,3/22/2008,"308,593",95,0,3,0,0,0,0,56,171,19,8,2,3,2,1,,,,
22,12,12,2,2,179,26,9,30,3/27/1988,3/22/2008,"313,532",96,0,3,0,0,0,0,56,171,19,24,2,3,3,1,,,,
22,12,12,5,2,179,26,9,30,3/27/1988,3/22/2008,"313,532",96,0,3,0,0,0,0,56,171,19,16,2,3,2,2,,,,
22,13,12,2,2,179,26,9,30,3/27/1988,3/22/2008,"313,532",96,0,3,0,0,0,0,56,171,19,3,1,3,3,2,,,,
22,27,12,2,2,179,26,9,30,3/27/1988,3/22/2008,"313,532",96,0,3,0,0,0,0,56,171,19,2,2,3,3,1,,,,
22,27,12,4,2,179,26,9,30,3/27/1988,3/22/2008,"313,532",96,0,3,0,0,0,0,56,171,19,2,1,3,2,1,,,,
1,26,12,4,4,235,11,14,37,3/29/1981,3/24/2001,"261,306",97,0,3,1,0,0,1,88,172,29,8,2,5,3,2,,,,
1,23,12,2,4,235,11,14,37,3/29/1981,3/24/2001,"236,629",93,0,3,1,0,0,1,88,172,29,3,1,5,3,1,,,,
1,25,12,5,4,235,11,14,37,3/29/1981,3/24/2001,"236,629",93,0,3,1,0,0,1,88,172,29,2,2,5,3,2,,,,
1,14,12,3,2,235,11,14,37,3/29/1981,3/24/2001,"236,629",93,0,3,1,0,0,1,88,172,29,4,2,4,3,2,,,,
3,28,12,2,4,179,51,18,38,3/29/1980,3/24/2000,"236,629",93,0,1,0,1,0,0,89,170,31,2,1,4,3,2,,,,
3,28,12,2,4,179,51,18,38,3/29/1980,3/24/2000,"236,629",93,0,1,0,1,0,0,89,170,31,1,2,4,2,2,,,,
3,28,12,5,4,179,51,18,38,3/29/1980,3/24/2000,"236,629",93,0,1,0,1,0,0,89,170,31,1,1,5,3,1,,,,
3,28,12,6,4,179,51,18,38,3/29/1980,3/24/2000,"236,629",93,0,1,0,1,0,0,89,170,31,1,1,4,3,1,,,,
3,28,12,6,4,179,51,18,38,3/29/1980,3/24/2000,"236,629",93,0,1,0,1,0,0,89,170,31,1,2,4,3,2,,,,
3,28,12,2,2,179,51,18,38,3/29/1980,3/24/2000,"236,629",93,0,1,0,1,0,0,89,170,31,3,1,4,3,1,,,,
3,13,12,3,4,179,51,18,38,3/29/1980,3/24/2000,"280,549",98,0,1,0,1,0,0,89,170,31,32,2,4,3,2,,,,
5,13,12,3,2,235,20,13,43,3/31/1975,3/26/1995,"236,629",93,0,1,1,1,0,0,106,167,38,8,2,4,2,2,,,,
5,26,12,6,4,235,20,13,43,3/31/1975,3/26/1995,"280,549",98,0,1,1,1,0,0,106,167,38,8,1,5,2,1,,,,
10,22,12,4,4,361,52,3,28,3/27/1990,3/22/2010,"261,306",97,0,1,1,1,0,4,80,172,27,8,2,5,3,1,,,,
10,22,12,4,4,361,52,3,28,3/27/1990,3/22/2010,"261,306",97,0,1,1,1,0,4,80,172,27,8,2,5,2,1,,,,
10,14,12,5,4,361,52,3,28,3/27/1990,3/22/2010,"280,549",98,0,1,1,1,0,4,80,172,27,4,2,4,3,2,,,,
11,7,12,4,4,289,36,13,33,3/28/1985,3/23/2005,"306,345",93,0,1,2,1,0,1,90,172,30,24,1,3,4,5,,,,
11,19,12,2,2,289,36,13,33,3/28/1985,3/23/2005,"236,629",93,0,1,2,1,0,1,90,172,30,8,2,4,5,4,,,,
12,18,12,2,4,233,51,1,31,3/28/1987,3/23/2007,"280,549",98,0,2,1,1,0,8,68,178,21,8,2,3,2,2,,,,
14,6,12,6,4,155,12,14,34,3/28/1984,3/23/2004,"306,345",93,0,1,2,1,0,0,95,196,25,8,2,2,2,4,,,,
14,1,12,2,2,155,12,14,34,3/28/1984,3/23/2004,"343,253",95,0,1,2,1,0,0,95,196,25,16,2,4,2,2,,,,
14,18,12,3,2,155,12,14,34,3/28/1984,3/23/2004,"280,549",98,0,1,2,1,0,0,95,196,25,80,3,2,4,2,,,,
15,23,12,5,4,291,31,12,40,3/30/1978,3/25/1998,"306,345",93,0,1,1,1,0,1,73,171,25,3,1,4,2,2,,,,
15,22,12,4,2,291,31,12,40,3/30/1978,3/25/1998,"343,253",95,0,1,1,1,0,1,73,171,25,8,1,5,2,1,,,,
15,28,12,4,4,291,31,12,40,3/30/1978,3/25/1998,"280,549",98,0,1,1,1,0,1,73,171,25,1,1,4,3,1,,,,
17,21,12,4,4,179,22,17,40,3/30/1978,3/25/1998,"306,345",93,0,2,2,0,1,0,63,170,22,8,4,4,2,2,,,,
17,17,12,3,2,179,22,17,40,3/30/1978,3/25/1998,"343,253",95,0,2,2,0,1,0,63,170,22,8,3,2,4,2,,,,
17,11,12,2,2,179,22,17,40,3/30/1978,3/25/1998,"343,253",95,0,2,2,0,1,0,63,170,22,40,4,2,3,2,,,,
17,18,12,6,4,179,22,17,40,3/30/1978,3/25/1998,"280,549",98,0,2,2,0,1,0,63,170,22,2,1,3,2,1,,,,
19,28,12,3,2,291,50,12,32,3/28/1986,3/23/2006,"343,253",95,0,1,0,1,0,0,65,169,23,2,2,4,2,1,,,,
20,28,12,6,4,260,50,11,36,3/29/1982,3/24/2002,"306,345",93,0,1,4,1,0,0,65,168,23,4,5,2,4,4,,,,
20,26,12,6,4,260,50,11,36,3/29/1982,3/24/2002,"261,306",97,0,1,4,1,0,0,65,168,23,8,5,1,4,4,,,,
20,28,12,6,4,260,50,11,36,3/29/1982,3/24/2002,"261,306",97,0,1,4,1,0,0,65,168,23,3,4,2,3,4,,,,
20,19,12,3,2,260,50,11,36,3/29/1982,3/24/2002,"343,253",95,0,1,4,1,0,0,65,168,23,8,5,1,3,5,,,,
20,13,12,4,2,260,50,11,36,3/29/1982,3/24/2002,"343,253",95,0,1,4,1,0,0,65,168,23,8,4,1,4,4,,,,
20,13,12,6,2,260,50,11,36,3/29/1982,3/24/2002,"343,253",95,0,1,4,1,0,0,65,168,23,40,5,2,3,5,,,,
20,28,12,6,4,260,50,11,36,3/29/1982,3/24/2002,"236,629",93,0,1,4,1,0,0,65,168,23,4,4,1,3,5,,,,
20,26,12,4,2,260,50,11,36,3/29/1982,3/24/2002,"236,629",93,0,1,4,1,0,0,65,168,23,8,5,1,4,5,,,,
22,13,12,5,2,179,26,9,30,3/27/1988,3/22/2008,"343,253",95,0,3,0,0,0,0,56,171,19,8,1,4,2,2,,,,
22,23,12,3,4,179,26,9,30,3/27/1988,3/22/2008,"236,629",93,0,3,0,0,0,0,56,171,19,1,1,3,3,2,,,,
22,13,12,6,4,179,26,9,30,3/27/1988,3/22/2008,"280,549",98,0,3,0,0,0,0,56,171,19,1,2,4,2,1,,,,
22,13,12,3,4,179,26,9,30,3/27/1988,3/22/2008,"280,549",98,0,3,0,0,0,0,56,171,19,16,2,5,2,1,,,,
24,19,12,6,2,246,25,16,41,3/30/1977,3/25/1997,"261,306",97,0,1,0,1,0,0,67,170,23,8,2,4,3,2,,,,
24,4,12,5,4,246,25,16,41,3/30/1977,3/25/1997,"236,629",93,0,1,0,1,0,0,67,170,23,8,2,4,2,2,,,,
28,23,12,4,4,225,26,9,28,3/27/1990,3/22/2010,"306,345",93,0,1,1,0,0,2,69,169,24,1,2,5,2,2,,,,
28,23,12,4,4,225,26,9,28,3/27/1990,3/22/2010,"306,345",93,0,1,1,0,0,2,69,169,24,3,1,4,3,2,,,,
28,13,12,6,4,225,26,9,28,3/27/1990,3/22/2010,"306,345",93,0,1,1,0,0,2,69,169,24,3,2,5,3,1,,,,
28,28,12,3,4,225,26,9,28,3/27/1990,3/22/2010,"306,345",93,0,1,1,0,0,2,69,169,24,3,2,3,3,1,,,,
28,23,12,5,4,225,26,9,28,3/27/1990,3/22/2010,"261,306",97,0,1,1,0,0,2,69,169,24,2,1,4,3,1,,,,
28,28,12,5,4,225,26,9,28,3/27/1990,3/22/2010,"261,306",97,0,1,1,0,0,2,69,169,24,3,1,4,3,1,,,,
28,23,12,3,4,225,26,9,28,3/27/1990,3/22/2010,"261,306",97,0,1,1,0,0,2,69,169,24,2,2,3,3,2,,,,
28,23,12,6,2,225,26,9,28,3/27/1990,3/22/2010,"261,306",97,0,1,1,0,0,2,69,169,24,2,2,4,3,2,,,,
28,12,12,2,4,225,26,9,28,3/27/1990,3/22/2010,"236,629",93,0,1,1,0,0,2,69,169,24,3,1,5,2,1,,,,
28,23,12,4,4,225,26,9,28,3/27/1990,3/22/2010,"280,549",98,0,1,1,0,0,2,69,169,24,3,2,4,2,1,,,,
28,23,12,6,4,225,26,9,28,3/27/1990,3/22/2010,"280,549",98,0,1,1,0,0,2,69,169,24,3,2,5,3,2,,,,
28,23,12,4,4,225,26,9,28,3/27/1990,3/22/2010,"280,549",98,0,1,1,0,0,2,69,169,24,3,2,4,2,1,,,,
28,23,12,3,4,225,26,9,28,3/27/1990,3/22/2010,"280,549",98,0,1,1,0,0,2,69,169,24,2,2,4,2,1,,,,
28,23,12,5,4,225,26,9,28,3/27/1990,3/22/2010,"280,549",98,0,1,1,0,0,2,69,169,24,3,1,3,3,2,,,,
28,23,12,2,4,225,26,9,28,3/27/1990,3/22/2010,"280,549",98,0,1,1,0,0,2,69,169,24,2,2,4,3,2,,,,
30,19,12,3,2,157,27,6,29,3/27/1989,3/22/2009,"343,253",95,0,1,0,1,1,0,75,185,22,3,1,5,2,2,,,,
30,28,12,2,2,157,27,6,29,3/27/1989,3/22/2009,"236,629",93,0,1,0,1,1,0,75,185,22,2,2,5,3,2,,,,
33,28,12,2,4,248,25,14,47,4/1/1971,3/27/1991,"306,345",93,0,1,2,0,0,1,86,165,32,1,1,4,3,4,,,,
33,23,12,3,4,248,25,14,47,4/1/1971,3/27/1991,"261,306",97,0,1,2,0,0,1,86,165,32,1,4,2,4,2,,,,
33,14,12,6,2,248,25,14,47,4/1/1971,3/27/1991,"343,253",95,0,1,2,0,0,1,86,165,32,3,4,4,2,1,,,,
34,19,12,3,4,118,10,10,37,3/29/1981,3/24/2001,"261,306",97,0,1,0,0,0,0,83,172,28,64,2,4,3,2,,,,
34,19,12,3,4,118,10,10,37,3/29/1981,3/24/2001,"261,306",97,0,1,0,0,0,0,83,172,28,56,2,3,3,1,,,,
34,27,12,6,4,118,10,10,37,3/29/1981,3/24/2001,"261,306",97,0,1,0,0,0,0,83,172,28,2,1,3,3,2,,,,
34,25,12,3,4,118,10,10,37,3/29/1981,3/24/2001,"236,629",93,0,1,0,0,0,0,83,172,28,8,1,4,3,2,,,,
36,23,12,4,4,118,13,18,50,4/1/1968,3/27/1988,"261,306",97,0,1,1,1,0,0,98,178,31,2,1,4,2,2,,,,
36,28,12,3,4,118,13,18,50,4/1/1968,3/27/1988,"236,629",93,0,1,1,1,0,0,98,178,31,1,2,5,2,1,,,,
